"","Date","Flow","Flux","Std.Err","SEP","L90","U90"
"1",2012-10-01,0,0,0,0,0,0
"2",2012-10-02,0,0,0,0,0,0
"3",2012-10-03,0,0,0,0,0,0
"4",2012-10-04,0,0,0,0,0,0
"5",2012-10-05,0,0,0,0,0,0
"6",2012-10-06,0,0,0,0,0,0
"7",2012-10-07,0,0,0,0,0,0
"8",2012-10-08,0,0,0,0,0,0
"9",2012-10-09,0,0,0,0,0,0
"10",2012-10-10,0,0,0,0,0,0
"11",2012-10-11,0,0,0,0,0,0
"12",2012-10-12,0,0,0,0,0,0
"13",2012-10-13,0,0,0,0,0,0
"14",2012-10-14,0,0,0,0,0,0
"15",2012-10-15,0,0,0,0,0,0
"16",2012-10-16,0,0,0,0,0,0
"17",2012-10-17,0,0,0,0,0,0
"18",2012-10-18,0,0,0,0,0,0
"19",2012-10-19,0,0,0,0,0,0
"20",2012-10-20,0,0,0,0,0,0
"21",2012-10-21,0,0,0,0,0,0
"22",2012-10-22,0,0,0,0,0,0
"23",2012-10-23,0,0,0,0,0,0
"24",2012-10-24,0,0,0,0,0,0
"25",2012-10-25,0,0,0,0,0,0
"26",2012-10-26,0,0,0,0,0,0
"27",2012-10-27,0,0,0,0,0,0
"28",2012-10-28,0,0,0,0,0,0
"29",2012-10-29,0,0,0,0,0,0
"30",2012-10-30,0,0,0,0,0,0
"31",2012-10-31,0,0,0,0,0,0
"32",2012-11-01,0,0,0,0,0,0
"33",2012-11-02,0,0,0,0,0,0
"34",2012-11-03,0,0,0,0,0,0
"35",2012-11-04,0,0,0,0,0,0
"36",2012-11-05,0,0,0,0,0,0
"37",2012-11-06,0,0,0,0,0,0
"38",2012-11-07,0,0,0,0,0,0
"39",2012-11-08,0,0,0,0,0,0
"40",2012-11-09,0,0,0,0,0,0
"41",2012-11-10,0,0,0,0,0,0
"42",2012-11-11,0,0,0,0,0,0
"43",2012-11-12,0,0,0,0,0,0
"44",2012-11-13,0,0,0,0,0,0
"45",2012-11-14,0,0,0,0,0,0
"46",2012-11-15,0,0,0,0,0,0
"47",2012-11-16,0,0,0,0,0,0
"48",2012-11-17,0,0,0,0,0,0
"49",2012-11-18,0,0,0,0,0,0
"50",2012-11-19,0,0,0,0,0,0
"51",2012-11-20,0,0,0,0,0,0
"52",2012-11-21,0,0,0,0,0,0
"53",2012-11-22,0,0,0,0,0,0
"54",2012-11-23,0,0,0,0,0,0
"55",2012-11-24,0,0,0,0,0,0
"56",2012-11-25,0,0,0,0,0,0
"57",2012-11-26,0,0,0,0,0,0
"58",2012-11-27,0,0,0,0,0,0
"59",2012-11-28,0,0,0,0,0,0
"60",2012-11-29,0,0,0,0,0,0
"61",2012-11-30,0,0,0,0,0,0
"62",2012-12-01,0,0,0,0,0,0
"63",2012-12-02,0,0,0,0,0,0
"64",2012-12-03,1205,524719.169498373,106082.475994707,657756.473307665,63928.3268580492,1674932.10445237
"65",2012-12-04,369,87666.0580611726,25546.5152378022,111422.420659257,10436.6653427191,281554.035868525
"66",2012-12-05,281,57946.5147720918,18425.9550523332,74017.5144792924,6841.06777126473,186513.58169894
"67",2012-12-06,386,93869.4709231405,26959.3452631129,119216.958808342,11189.3120993074,301377.122619326
"68",2012-12-07,321,70941.9570968134,21620.3986505892,90388.2275529396,8410.91608957816,228088.58349418
"69",2012-12-08,157,23862.258216147,9090.38459740527,30888.6271476828,2754.73952089217,77253.6465309966
"70",2012-12-09,87.3,9719.68510529072,4401.91287095481,12804.9092215738,1089.1775823676,31706.8976295507
"71",2012-12-10,58.9,5311.68349153257,2688.47092183458,7099.93578716393,580.717084788733,17434.6870242962
"72",2012-12-11,39.2,2837.61879440196,1605.81997967053,3860.34780172052,301.0256508973,9383.12300614116
"73",2012-12-12,24,1329.98590945128,857.739712385544,1855.51705540011,135.098730139093,4443.74005184634
"74",2012-12-13,9.9,336.52460589406,272.762197206482,497.720173207947,30.8768829953014,1150.68832111144
"75",2012-12-14,0.2,0.712997757800127,1.56185568522151,1.79372291102714,0.0245867879962961,2.82117759339327
"76",2012-12-15,0,0,0,0,0,0
"77",2012-12-16,0,0,0,0,0,0
"78",2012-12-17,0,0,0,0,0,0
"79",2012-12-18,0,0,0,0,0,0
"80",2012-12-19,0,0,0,0,0,0
"81",2012-12-20,0,0,0,0,0,0
"82",2012-12-21,0,0,0,0,0,0
"83",2012-12-22,268,53917.6878734349,17404.3665298618,68936.3846652025,6355.34593026905,173617.849839495
"84",2012-12-23,2017,1138112.87015627,207050.264521076,1423135.51631985,139234.692290903,3628902.28735734
"85",2012-12-24,5573,5200552.07701774,984639.027512286,6508667.10147559,635295.131732046,16588597.8566819
"86",2012-12-25,1856,1004536.30392509,185026.549308965,1256440.09043163,122838.857818743,3203369.20746602
"87",2012-12-26,1112,464930.784543385,96033.0829148766,583141.50046498,56590.3017771987,1484460.97175592
"88",2012-12-27,909,343089.174524362,75071.3143238026,431033.572145788,41644.9166197567,1096243.90849461
"89",2012-12-28,763,263399.79641744,60789.8747010108,331481.457968093,31881.2554228513,842256.484058069
"90",2012-12-29,1077,443058.195405013,92324.8541036728,555841.614013072,53906.3513646988,1414776.51641793
"91",2012-12-30,1167,500000.34973171,101941.533305964,626909.142953929,60894.27366079,1596185.59761219
"92",2012-12-31,1091,451765.258454703,93803.3571026747,566709.425020546,54974.7402072603,1442516.85913327
"93",2013-01-01,1127,474411.218578065,97634.5830238136,594973.736036887,57753.7316305598,1514664.23923946
"94",2013-01-02,1135,479493.334151271,98491.7413400962,601316.429149727,58377.4271719536,1530854.95196743
"95",2013-01-03,1149,488430.118251176,99996.8505526878,612469.689280399,59474.2186814387,1559325.69441644
"96",2013-01-04,1042,421538.151273047,88656.3389995676,528979.623036011,51266.018071189,1346212.78204157
"97",2013-01-05,703,232739.903037975,55108.7509839686,293155.825521385,28128.697939022,744509.444911898
"98",2013-01-06,465,124502.294036353,33665.1937256629,157661.646524315,14913.337495686,399213.078078923
"99",2013-01-07,344,78806.7879279548,23489.6878420282,100284.034979895,9362.89866727397,253236.384374341
"100",2013-01-08,283,58575.0009935656,18583.8740639813,74809.8796532406,6916.88413057989,188524.96616404
"101",2013-01-09,206,36116.4831836738,12660.2233782993,46439.7756367692,4216.62428321081,116586.602937797
"102",2013-01-10,153,22939.9524568875,8807.46237807604,29714.9548643687,2645.22715669385,74289.6470567421
"103",2013-01-11,120,15823.0482292906,6532.07203050217,20636.2534462501,1803.69616671356,51393.3308595062
"104",2013-01-12,103,12523.4935365778,5406.84325402034,16409.5323815412,1416.32408505381,40758.3844320256
"105",2013-01-13,87.4,9736.7630540029,4408.19787726029,12826.9098835864,1091.16323575166,31762.0799316557
"106",2013-01-14,66,6327.09827735944,3102.19431365631,8419.7650407856,696.980164334206,20728.5999013996
"107",2013-01-15,40.3,2961.3169954175,1663.32029892312,4023.4449868351,314.842388629501,9786.90066651956
"108",2013-01-16,32.2,2094.76733555157,1249.77172613821,2877.11585388999,218.604341057844,6954.2483063947
"109",2013-01-17,22.9,1236.84991657618,807.560838360183,1730.17177816785,125.061994173551,4137.02393140895
"110",2013-01-18,14.4,602.561741123773,443.773872769237,867.540490066549,57.9519898538269,2038.86111287347
"111",2013-01-19,7,196.06490165967,173.500963492649,298.222780265439,17.1217367616037,677.57325250442
"112",2013-01-20,0.9,7.80538397526541,11.57587849352,15.0746328475591,0.441906459149056,29.1474202131976
"113",2013-01-21,0,0,0,0,0,0
"114",2013-01-22,0,0,0,0,0,0
"115",2013-01-23,0,0,0,0,0,0
"116",2013-01-24,0,0,0,0,0,0
"117",2013-01-25,0,0,0,0,0,0
"118",2013-01-26,0,0,0,0,0,0
"119",2013-01-27,0,0,0,0,0,0
"120",2013-01-28,0,0,0,0,0,0
"121",2013-01-29,0,0,0,0,0,0
"122",2013-01-30,0,0,0,0,0,0
"123",2013-01-31,0,0,0,0,0,0
"124",2013-02-01,0,0,0,0,0,0
"125",2013-02-02,0,0,0,0,0,0
"126",2013-02-03,0,0,0,0,0,0
"127",2013-02-04,0,0,0,0,0,0
"128",2013-02-05,0,0,0,0,0,0
"129",2013-02-06,0,0,0,0,0,0
"130",2013-02-07,0,0,0,0,0,0
"131",2013-02-08,0,0,0,0,0,0
"132",2013-02-09,0,0,0,0,0,0
"133",2013-02-10,0,0,0,0,0,0
"134",2013-02-11,0,0,0,0,0,0
"135",2013-02-12,0,0,0,0,0,0
"136",2013-02-13,0,0,0,0,0,0
"137",2013-02-14,0,0,0,0,0,0
"138",2013-02-15,0,0,0,0,0,0
"139",2013-02-16,0,0,0,0,0,0
"140",2013-02-17,0,0,0,0,0,0
"141",2013-02-18,0,0,0,0,0,0
"142",2013-02-19,0,0,0,0,0,0
"143",2013-02-20,0,0,0,0,0,0
"144",2013-02-21,0,0,0,0,0,0
"145",2013-02-22,0,0,0,0,0,0
"146",2013-02-23,0,0,0,0,0,0
"147",2013-02-24,0,0,0,0,0,0
"148",2013-02-25,0,0,0,0,0,0
"149",2013-02-26,0,0,0,0,0,0
"150",2013-02-27,0,0,0,0,0,0
"151",2013-02-28,0,0,0,0,0,0
"152",2013-03-01,0,0,0,0,0,0
"153",2013-03-02,0,0,0,0,0,0
"154",2013-03-03,0,0,0,0,0,0
"155",2013-03-04,0,0,0,0,0,0
"156",2013-03-05,0,0,0,0,0,0
"157",2013-03-06,0,0,0,0,0,0
"158",2013-03-07,0,0,0,0,0,0
"159",2013-03-08,0,0,0,0,0,0
"160",2013-03-09,0,0,0,0,0,0
"161",2013-03-10,0,0,0,0,0,0
"162",2013-03-11,0,0,0,0,0,0
"163",2013-03-12,0,0,0,0,0,0
"164",2013-03-13,0,0,0,0,0,0
"165",2013-03-14,0,0,0,0,0,0
"166",2013-03-15,0,0,0,0,0,0
"167",2013-03-16,0,0,0,0,0,0
"168",2013-03-17,0,0,0,0,0,0
"169",2013-03-18,0,0,0,0,0,0
"170",2013-03-19,0,0,0,0,0,0
"171",2013-03-20,0,0,0,0,0,0
"172",2013-03-21,0,0,0,0,0,0
"173",2013-03-22,0,0,0,0,0,0
"174",2013-03-23,0,0,0,0,0,0
"175",2013-03-24,0,0,0,0,0,0
"176",2013-03-25,0,0,0,0,0,0
"177",2013-03-26,0,0,0,0,0,0
"178",2013-03-27,0,0,0,0,0,0
"179",2013-03-28,0,0,0,0,0,0
"180",2013-03-29,0,0,0,0,0,0
"181",2013-03-30,0,0,0,0,0,0
"182",2013-03-31,0,0,0,0,0,0
"183",2013-04-01,0,0,0,0,0,0
"184",2013-04-02,0,0,0,0,0,0
"185",2013-04-03,0,0,0,0,0,0
"186",2013-04-04,0,0,0,0,0,0
"187",2013-04-05,0,0,0,0,0,0
"188",2013-04-06,0,0,0,0,0,0
"189",2013-04-07,0,0,0,0,0,0
"190",2013-04-08,0,0,0,0,0,0
"191",2013-04-09,0,0,0,0,0,0
"192",2013-04-10,0,0,0,0,0,0
"193",2013-04-11,0,0,0,0,0,0
"194",2013-04-12,0,0,0,0,0,0
"195",2013-04-13,0,0,0,0,0,0
"196",2013-04-14,0,0,0,0,0,0
"197",2013-04-15,0,0,0,0,0,0
"198",2013-04-16,0,0,0,0,0,0
"199",2013-04-17,0,0,0,0,0,0
"200",2013-04-18,0,0,0,0,0,0
"201",2013-04-19,0,0,0,0,0,0
"202",2013-04-20,0,0,0,0,0,0
"203",2013-04-21,0,0,0,0,0,0
"204",2013-04-22,0,0,0,0,0,0
"205",2013-04-23,0,0,0,0,0,0
"206",2013-04-24,0,0,0,0,0,0
"207",2013-04-25,0,0,0,0,0,0
"208",2013-04-26,0,0,0,0,0,0
"209",2013-04-27,0,0,0,0,0,0
"210",2013-04-28,0,0,0,0,0,0
"211",2013-04-29,0,0,0,0,0,0
"212",2013-04-30,0,0,0,0,0,0
"213",2013-05-01,0,0,0,0,0,0
"214",2013-05-02,0,0,0,0,0,0
"215",2013-05-03,0,0,0,0,0,0
"216",2013-05-04,0,0,0,0,0,0
"217",2013-05-05,0,0,0,0,0,0
"218",2013-05-06,0,0,0,0,0,0
"219",2013-05-07,0,0,0,0,0,0
"220",2013-05-08,0,0,0,0,0,0
"221",2013-05-09,0,0,0,0,0,0
"222",2013-05-10,0,0,0,0,0,0
"223",2013-05-11,0,0,0,0,0,0
"224",2013-05-12,0,0,0,0,0,0
"225",2013-05-13,0,0,0,0,0,0
"226",2013-05-14,0,0,0,0,0,0
"227",2013-05-15,0,0,0,0,0,0
"228",2013-05-16,0,0,0,0,0,0
"229",2013-05-17,0,0,0,0,0,0
"230",2013-05-18,0,0,0,0,0,0
"231",2013-05-19,0,0,0,0,0,0
"232",2013-05-20,0,0,0,0,0,0
"233",2013-05-21,0,0,0,0,0,0
"234",2013-05-22,0,0,0,0,0,0
"235",2013-05-23,0,0,0,0,0,0
"236",2013-05-24,0,0,0,0,0,0
"237",2013-05-25,0,0,0,0,0,0
"238",2013-05-26,0,0,0,0,0,0
"239",2013-05-27,0,0,0,0,0,0
"240",2013-05-28,0,0,0,0,0,0
"241",2013-05-29,0,0,0,0,0,0
"242",2013-05-30,0,0,0,0,0,0
"243",2013-05-31,0,0,0,0,0,0
"244",2013-06-01,0,0,0,0,0,0
"245",2013-06-02,0,0,0,0,0,0
"246",2013-06-03,0,0,0,0,0,0
"247",2013-06-04,0,0,0,0,0,0
"248",2013-06-05,0,0,0,0,0,0
"249",2013-06-06,0,0,0,0,0,0
"250",2013-06-07,0,0,0,0,0,0
"251",2013-06-08,0,0,0,0,0,0
"252",2013-06-09,0,0,0,0,0,0
"253",2013-06-10,0,0,0,0,0,0
"254",2013-06-11,0,0,0,0,0,0
"255",2013-06-12,0,0,0,0,0,0
"256",2013-06-13,0,0,0,0,0,0
"257",2013-06-14,0,0,0,0,0,0
"258",2013-06-15,0,0,0,0,0,0
"259",2013-06-16,0,0,0,0,0,0
"260",2013-06-17,0,0,0,0,0,0
"261",2013-06-18,0,0,0,0,0,0
"262",2013-06-19,0,0,0,0,0,0
"263",2013-06-20,0,0,0,0,0,0
"264",2013-06-21,0,0,0,0,0,0
"265",2013-06-22,0,0,0,0,0,0
"266",2013-06-23,0,0,0,0,0,0
"267",2013-06-24,0,0,0,0,0,0
"268",2013-06-25,0,0,0,0,0,0
"269",2013-06-26,0,0,0,0,0,0
"270",2013-06-27,0,0,0,0,0,0
"271",2013-06-28,0,0,0,0,0,0
"272",2013-06-29,0,0,0,0,0,0
"273",2013-06-30,0,0,0,0,0,0
"274",2013-07-01,0,0,0,0,0,0
"275",2013-07-02,0,0,0,0,0,0
"276",2013-07-03,0,0,0,0,0,0
"277",2013-07-04,0,0,0,0,0,0
"278",2013-07-05,0,0,0,0,0,0
"279",2013-07-06,0,0,0,0,0,0
"280",2013-07-07,0,0,0,0,0,0
"281",2013-07-08,0,0,0,0,0,0
"282",2013-07-09,0,0,0,0,0,0
"283",2013-07-10,0,0,0,0,0,0
"284",2013-07-11,0,0,0,0,0,0
"285",2013-07-12,0,0,0,0,0,0
"286",2013-07-13,0,0,0,0,0,0
"287",2013-07-14,0,0,0,0,0,0
"288",2013-07-15,0,0,0,0,0,0
"289",2013-07-16,0,0,0,0,0,0
"290",2013-07-17,0,0,0,0,0,0
"291",2013-07-18,0,0,0,0,0,0
"292",2013-07-19,0,0,0,0,0,0
"293",2013-07-20,0,0,0,0,0,0
"294",2013-07-21,0,0,0,0,0,0
"295",2013-07-22,0,0,0,0,0,0
"296",2013-07-23,0,0,0,0,0,0
"297",2013-07-24,0,0,0,0,0,0
"298",2013-07-25,0,0,0,0,0,0
"299",2013-07-26,0,0,0,0,0,0
"300",2013-07-27,0,0,0,0,0,0
"301",2013-07-28,0,0,0,0,0,0
"302",2013-07-29,0,0,0,0,0,0
"303",2013-07-30,0,0,0,0,0,0
"304",2013-07-31,0,0,0,0,0,0
"305",2013-08-01,0,0,0,0,0,0
"306",2013-08-02,0,0,0,0,0,0
"307",2013-08-03,0,0,0,0,0,0
"308",2013-08-04,0,0,0,0,0,0
"309",2013-08-05,0,0,0,0,0,0
"310",2013-08-06,0,0,0,0,0,0
"311",2013-08-07,0,0,0,0,0,0
"312",2013-08-08,0,0,0,0,0,0
"313",2013-08-09,0,0,0,0,0,0
"314",2013-08-10,0,0,0,0,0,0
"315",2013-08-11,0,0,0,0,0,0
"316",2013-08-12,0,0,0,0,0,0
"317",2013-08-13,0,0,0,0,0,0
"318",2013-08-14,0,0,0,0,0,0
"319",2013-08-15,0,0,0,0,0,0
"320",2013-08-16,0,0,0,0,0,0
"321",2013-08-17,0,0,0,0,0,0
"322",2013-08-18,0,0,0,0,0,0
"323",2013-08-19,0,0,0,0,0,0
"324",2013-08-20,0,0,0,0,0,0
"325",2013-08-21,0,0,0,0,0,0
"326",2013-08-22,0,0,0,0,0,0
"327",2013-08-23,0,0,0,0,0,0
"328",2013-08-24,0,0,0,0,0,0
"329",2013-08-25,0,0,0,0,0,0
"330",2013-08-26,0,0,0,0,0,0
"331",2013-08-27,0,0,0,0,0,0
"332",2013-08-28,0,0,0,0,0,0
"333",2013-08-29,0,0,0,0,0,0
"334",2013-08-30,0,0,0,0,0,0
"335",2013-08-31,0,0,0,0,0,0
"336",2013-09-01,0,0,0,0,0,0
"337",2013-09-02,0,0,0,0,0,0
"338",2013-09-03,0,0,0,0,0,0
"339",2013-09-04,0,0,0,0,0,0
"340",2013-09-05,0,0,0,0,0,0
"341",2013-09-06,0,0,0,0,0,0
"342",2013-09-07,0,0,0,0,0,0
"343",2013-09-08,0,0,0,0,0,0
"344",2013-09-09,0,0,0,0,0,0
"345",2013-09-10,0,0,0,0,0,0
"346",2013-09-11,0,0,0,0,0,0
"347",2013-09-12,0,0,0,0,0,0
"348",2013-09-13,0,0,0,0,0,0
"349",2013-09-14,0,0,0,0,0,0
"350",2013-09-15,0,0,0,0,0,0
"351",2013-09-16,0,0,0,0,0,0
"352",2013-09-17,0,0,0,0,0,0
"353",2013-09-18,0,0,0,0,0,0
"354",2013-09-19,0,0,0,0,0,0
"355",2013-09-20,0,0,0,0,0,0
"356",2013-09-21,0,0,0,0,0,0
"357",2013-09-22,0,0,0,0,0,0
"358",2013-09-23,0,0,0,0,0,0
"359",2013-09-24,0,0,0,0,0,0
"360",2013-09-25,0,0,0,0,0,0
"361",2013-09-26,0,0,0,0,0,0
"362",2013-09-27,0,0,0,0,0,0
"363",2013-09-28,0,0,0,0,0,0
"364",2013-09-29,0,0,0,0,0,0
"365",2013-09-30,0,0,0,0,0,0
"366",2013-10-01,0,0,0,0,0,0
"367",2013-10-02,0,0,0,0,0,0
"368",2013-10-03,0,0,0,0,0,0
"369",2013-10-04,0,0,0,0,0,0
"370",2013-10-05,0,0,0,0,0,0
"371",2013-10-06,0,0,0,0,0,0
"372",2013-10-07,0,0,0,0,0,0
"373",2013-10-08,0,0,0,0,0,0
"374",2013-10-09,0,0,0,0,0,0
"375",2013-10-10,0,0,0,0,0,0
"376",2013-10-11,0,0,0,0,0,0
"377",2013-10-12,0,0,0,0,0,0
"378",2013-10-13,0,0,0,0,0,0
"379",2013-10-14,0,0,0,0,0,0
"380",2013-10-15,0,0,0,0,0,0
"381",2013-10-16,0,0,0,0,0,0
"382",2013-10-17,0,0,0,0,0,0
"383",2013-10-18,0,0,0,0,0,0
"384",2013-10-19,0,0,0,0,0,0
"385",2013-10-20,0,0,0,0,0,0
"386",2013-10-21,0,0,0,0,0,0
"387",2013-10-22,0,0,0,0,0,0
"388",2013-10-23,0,0,0,0,0,0
"389",2013-10-24,0,0,0,0,0,0
"390",2013-10-25,0,0,0,0,0,0
"391",2013-10-26,0,0,0,0,0,0
"392",2013-10-27,0,0,0,0,0,0
"393",2013-10-28,0,0,0,0,0,0
"394",2013-10-29,0,0,0,0,0,0
"395",2013-10-30,0,0,0,0,0,0
"396",2013-10-31,0,0,0,0,0,0
"397",2013-11-01,0,0,0,0,0,0
"398",2013-11-02,0,0,0,0,0,0
"399",2013-11-03,0,0,0,0,0,0
"400",2013-11-04,0,0,0,0,0,0
"401",2013-11-05,0,0,0,0,0,0
"402",2013-11-06,0,0,0,0,0,0
"403",2013-11-07,0,0,0,0,0,0
"404",2013-11-08,0,0,0,0,0,0
"405",2013-11-09,0,0,0,0,0,0
"406",2013-11-10,0,0,0,0,0,0
"407",2013-11-11,0,0,0,0,0,0
"408",2013-11-12,0,0,0,0,0,0
"409",2013-11-13,0,0,0,0,0,0
"410",2013-11-14,0,0,0,0,0,0
"411",2013-11-15,0,0,0,0,0,0
"412",2013-11-16,0,0,0,0,0,0
"413",2013-11-17,0,0,0,0,0,0
"414",2013-11-18,0,0,0,0,0,0
"415",2013-11-19,0,0,0,0,0,0
"416",2013-11-20,0,0,0,0,0,0
"417",2013-11-21,0,0,0,0,0,0
"418",2013-11-22,0,0,0,0,0,0
"419",2013-11-23,0,0,0,0,0,0
"420",2013-11-24,0,0,0,0,0,0
"421",2013-11-25,0,0,0,0,0,0
"422",2013-11-26,0,0,0,0,0,0
"423",2013-11-27,0,0,0,0,0,0
"424",2013-11-28,0,0,0,0,0,0
"425",2013-11-29,0,0,0,0,0,0
"426",2013-11-30,0,0,0,0,0,0
"427",2013-12-01,0,0,0,0,0,0
"428",2013-12-02,0,0,0,0,0,0
"429",2013-12-03,0,0,0,0,0,0
"430",2013-12-04,0,0,0,0,0,0
"431",2013-12-05,0,0,0,0,0,0
"432",2013-12-06,0,0,0,0,0,0
"433",2013-12-07,0,0,0,0,0,0
"434",2013-12-08,0,0,0,0,0,0
"435",2013-12-09,0,0,0,0,0,0
"436",2013-12-10,0,0,0,0,0,0
"437",2013-12-11,0,0,0,0,0,0
"438",2013-12-12,0,0,0,0,0,0
"439",2013-12-13,0,0,0,0,0,0
"440",2013-12-14,0,0,0,0,0,0
"441",2013-12-15,0,0,0,0,0,0
"442",2013-12-16,0,0,0,0,0,0
"443",2013-12-17,0,0,0,0,0,0
"444",2013-12-18,0,0,0,0,0,0
"445",2013-12-19,0,0,0,0,0,0
"446",2013-12-20,0,0,0,0,0,0
"447",2013-12-21,0,0,0,0,0,0
"448",2013-12-22,0,0,0,0,0,0
"449",2013-12-23,0,0,0,0,0,0
"450",2013-12-24,0,0,0,0,0,0
"451",2013-12-25,0,0,0,0,0,0
"452",2013-12-26,0,0,0,0,0,0
"453",2013-12-27,0,0,0,0,0,0
"454",2013-12-28,0,0,0,0,0,0
"455",2013-12-29,0,0,0,0,0,0
"456",2013-12-30,0,0,0,0,0,0
"457",2013-12-31,0,0,0,0,0,0
"458",2014-01-01,0,0,0,0,0,0
"459",2014-01-02,0,0,0,0,0,0
"460",2014-01-03,0,0,0,0,0,0
"461",2014-01-04,0,0,0,0,0,0
"462",2014-01-05,0,0,0,0,0,0
"463",2014-01-06,0,0,0,0,0,0
"464",2014-01-07,0,0,0,0,0,0
"465",2014-01-08,0,0,0,0,0,0
"466",2014-01-09,0,0,0,0,0,0
"467",2014-01-10,0,0,0,0,0,0
"468",2014-01-11,0,0,0,0,0,0
"469",2014-01-12,0,0,0,0,0,0
"470",2014-01-13,0,0,0,0,0,0
"471",2014-01-14,0,0,0,0,0,0
"472",2014-01-15,0,0,0,0,0,0
"473",2014-01-16,0,0,0,0,0,0
"474",2014-01-17,0,0,0,0,0,0
"475",2014-01-18,0,0,0,0,0,0
"476",2014-01-19,0,0,0,0,0,0
"477",2014-01-20,0,0,0,0,0,0
"478",2014-01-21,0,0,0,0,0,0
"479",2014-01-22,0,0,0,0,0,0
"480",2014-01-23,0,0,0,0,0,0
"481",2014-01-24,0,0,0,0,0,0
"482",2014-01-25,0,0,0,0,0,0
"483",2014-01-26,0,0,0,0,0,0
"484",2014-01-27,0,0,0,0,0,0
"485",2014-01-28,0,0,0,0,0,0
"486",2014-01-29,0,0,0,0,0,0
"487",2014-01-30,0,0,0,0,0,0
"488",2014-01-31,0,0,0,0,0,0
"489",2014-02-01,0,0,0,0,0,0
"490",2014-02-02,0,0,0,0,0,0
"491",2014-02-03,0,0,0,0,0,0
"492",2014-02-04,0,0,0,0,0,0
"493",2014-02-05,0,0,0,0,0,0
"494",2014-02-06,0,0,0,0,0,0
"495",2014-02-07,0,0,0,0,0,0
"496",2014-02-08,0,0,0,0,0,0
"497",2014-02-09,0,0,0,0,0,0
"498",2014-02-10,0,0,0,0,0,0
"499",2014-02-11,0,0,0,0,0,0
"500",2014-02-12,0,0,0,0,0,0
"501",2014-02-13,0,0,0,0,0,0
"502",2014-02-14,0,0,0,0,0,0
"503",2014-02-15,0,0,0,0,0,0
"504",2014-02-16,0,0,0,0,0,0
"505",2014-02-17,0,0,0,0,0,0
"506",2014-02-18,0,0,0,0,0,0
"507",2014-02-19,0,0,0,0,0,0
"508",2014-02-20,0,0,0,0,0,0
"509",2014-02-21,0,0,0,0,0,0
"510",2014-02-22,0,0,0,0,0,0
"511",2014-02-23,0,0,0,0,0,0
"512",2014-02-24,0,0,0,0,0,0
"513",2014-02-25,0,0,0,0,0,0
"514",2014-02-26,0,0,0,0,0,0
"515",2014-02-27,0,0,0,0,0,0
"516",2014-02-28,0,0,0,0,0,0
"517",2014-03-01,0,0,0,0,0,0
"518",2014-03-02,0,0,0,0,0,0
"519",2014-03-03,0,0,0,0,0,0
"520",2014-03-04,0,0,0,0,0,0
"521",2014-03-05,0,0,0,0,0,0
"522",2014-03-06,0,0,0,0,0,0
"523",2014-03-07,0,0,0,0,0,0
"524",2014-03-08,0,0,0,0,0,0
"525",2014-03-09,0,0,0,0,0,0
"526",2014-03-10,0,0,0,0,0,0
"527",2014-03-11,0,0,0,0,0,0
"528",2014-03-12,0,0,0,0,0,0
"529",2014-03-13,0,0,0,0,0,0
"530",2014-03-14,0,0,0,0,0,0
"531",2014-03-15,0,0,0,0,0,0
"532",2014-03-16,0,0,0,0,0,0
"533",2014-03-17,0,0,0,0,0,0
"534",2014-03-18,0,0,0,0,0,0
"535",2014-03-19,0,0,0,0,0,0
"536",2014-03-20,0,0,0,0,0,0
"537",2014-03-21,0,0,0,0,0,0
"538",2014-03-22,0,0,0,0,0,0
"539",2014-03-23,0,0,0,0,0,0
"540",2014-03-24,0,0,0,0,0,0
"541",2014-03-25,0,0,0,0,0,0
"542",2014-03-26,0,0,0,0,0,0
"543",2014-03-27,0,0,0,0,0,0
"544",2014-03-28,0,0,0,0,0,0
"545",2014-03-29,0,0,0,0,0,0
"546",2014-03-30,0,0,0,0,0,0
"547",2014-03-31,0,0,0,0,0,0
"548",2014-04-01,0,0,0,0,0,0
"549",2014-04-02,0,0,0,0,0,0
"550",2014-04-03,0,0,0,0,0,0
"551",2014-04-04,0,0,0,0,0,0
"552",2014-04-05,0,0,0,0,0,0
"553",2014-04-06,0,0,0,0,0,0
"554",2014-04-07,0,0,0,0,0,0
"555",2014-04-08,0,0,0,0,0,0
"556",2014-04-09,0,0,0,0,0,0
"557",2014-04-10,0,0,0,0,0,0
"558",2014-04-11,0,0,0,0,0,0
"559",2014-04-12,0,0,0,0,0,0
"560",2014-04-13,0,0,0,0,0,0
"561",2014-04-14,0,0,0,0,0,0
"562",2014-04-15,0,0,0,0,0,0
"563",2014-04-16,0,0,0,0,0,0
"564",2014-04-17,0,0,0,0,0,0
"565",2014-04-18,0,0,0,0,0,0
"566",2014-04-19,0,0,0,0,0,0
"567",2014-04-20,0,0,0,0,0,0
"568",2014-04-21,0,0,0,0,0,0
"569",2014-04-22,0,0,0,0,0,0
"570",2014-04-23,0,0,0,0,0,0
"571",2014-04-24,0,0,0,0,0,0
"572",2014-04-25,0,0,0,0,0,0
"573",2014-04-26,0,0,0,0,0,0
"574",2014-04-27,0,0,0,0,0,0
"575",2014-04-28,0,0,0,0,0,0
"576",2014-04-29,0,0,0,0,0,0
"577",2014-04-30,0,0,0,0,0,0
"578",2014-05-01,0,0,0,0,0,0
"579",2014-05-02,0,0,0,0,0,0
"580",2014-05-03,0,0,0,0,0,0
"581",2014-05-04,0,0,0,0,0,0
"582",2014-05-05,0,0,0,0,0,0
"583",2014-05-06,0,0,0,0,0,0
"584",2014-05-07,0,0,0,0,0,0
"585",2014-05-08,0,0,0,0,0,0
"586",2014-05-09,0,0,0,0,0,0
"587",2014-05-10,0,0,0,0,0,0
"588",2014-05-11,0,0,0,0,0,0
"589",2014-05-12,0,0,0,0,0,0
"590",2014-05-13,0,0,0,0,0,0
"591",2014-05-14,0,0,0,0,0,0
"592",2014-05-15,0,0,0,0,0,0
"593",2014-05-16,0,0,0,0,0,0
"594",2014-05-17,0,0,0,0,0,0
"595",2014-05-18,0,0,0,0,0,0
"596",2014-05-19,0,0,0,0,0,0
"597",2014-05-20,0,0,0,0,0,0
"598",2014-05-21,0,0,0,0,0,0
"599",2014-05-22,0,0,0,0,0,0
"600",2014-05-23,0,0,0,0,0,0
"601",2014-05-24,0,0,0,0,0,0
"602",2014-05-25,0,0,0,0,0,0
"603",2014-05-26,0,0,0,0,0,0
"604",2014-05-27,0,0,0,0,0,0
"605",2014-05-28,0,0,0,0,0,0
"606",2014-05-29,0,0,0,0,0,0
"607",2014-05-30,0,0,0,0,0,0
"608",2014-05-31,0,0,0,0,0,0
"609",2014-06-01,0,0,0,0,0,0
"610",2014-06-02,0,0,0,0,0,0
"611",2014-06-03,0,0,0,0,0,0
"612",2014-06-04,0,0,0,0,0,0
"613",2014-06-05,0,0,0,0,0,0
"614",2014-06-06,0,0,0,0,0,0
"615",2014-06-07,0,0,0,0,0,0
"616",2014-06-08,0,0,0,0,0,0
"617",2014-06-09,0,0,0,0,0,0
"618",2014-06-10,0,0,0,0,0,0
"619",2014-06-11,0,0,0,0,0,0
"620",2014-06-12,0,0,0,0,0,0
"621",2014-06-13,0,0,0,0,0,0
"622",2014-06-14,0,0,0,0,0,0
"623",2014-06-15,0,0,0,0,0,0
"624",2014-06-16,0,0,0,0,0,0
"625",2014-06-17,0,0,0,0,0,0
"626",2014-06-18,0,0,0,0,0,0
"627",2014-06-19,0,0,0,0,0,0
"628",2014-06-20,0,0,0,0,0,0
"629",2014-06-21,0,0,0,0,0,0
"630",2014-06-22,0,0,0,0,0,0
"631",2014-06-23,0,0,0,0,0,0
"632",2014-06-24,0,0,0,0,0,0
"633",2014-06-25,0,0,0,0,0,0
"634",2014-06-26,0,0,0,0,0,0
"635",2014-06-27,0,0,0,0,0,0
"636",2014-06-28,0,0,0,0,0,0
"637",2014-06-29,0,0,0,0,0,0
"638",2014-06-30,0,0,0,0,0,0
"639",2014-07-01,0,0,0,0,0,0
"640",2014-07-02,0,0,0,0,0,0
"641",2014-07-03,0,0,0,0,0,0
"642",2014-07-04,0,0,0,0,0,0
"643",2014-07-05,0,0,0,0,0,0
"644",2014-07-06,0,0,0,0,0,0
"645",2014-07-07,0,0,0,0,0,0
"646",2014-07-08,0,0,0,0,0,0
"647",2014-07-09,0,0,0,0,0,0
"648",2014-07-10,0,0,0,0,0,0
"649",2014-07-11,0,0,0,0,0,0
"650",2014-07-12,0,0,0,0,0,0
"651",2014-07-13,0,0,0,0,0,0
"652",2014-07-14,0,0,0,0,0,0
"653",2014-07-15,0,0,0,0,0,0
"654",2014-07-16,0,0,0,0,0,0
"655",2014-07-17,0,0,0,0,0,0
"656",2014-07-18,0,0,0,0,0,0
"657",2014-07-19,0,0,0,0,0,0
"658",2014-07-20,0,0,0,0,0,0
"659",2014-07-21,0,0,0,0,0,0
"660",2014-07-22,0,0,0,0,0,0
"661",2014-07-23,0,0,0,0,0,0
"662",2014-07-24,0,0,0,0,0,0
"663",2014-07-25,0,0,0,0,0,0
"664",2014-07-26,0,0,0,0,0,0
"665",2014-07-27,0,0,0,0,0,0
"666",2014-07-28,0,0,0,0,0,0
"667",2014-07-29,0,0,0,0,0,0
"668",2014-07-30,0,0,0,0,0,0
"669",2014-07-31,0,0,0,0,0,0
"670",2014-08-01,0,0,0,0,0,0
"671",2014-08-02,0,0,0,0,0,0
"672",2014-08-03,0,0,0,0,0,0
"673",2014-08-04,0,0,0,0,0,0
"674",2014-08-05,0,0,0,0,0,0
"675",2014-08-06,0,0,0,0,0,0
"676",2014-08-07,0,0,0,0,0,0
"677",2014-08-08,0,0,0,0,0,0
"678",2014-08-09,0,0,0,0,0,0
"679",2014-08-10,0,0,0,0,0,0
"680",2014-08-11,0,0,0,0,0,0
"681",2014-08-12,0,0,0,0,0,0
"682",2014-08-13,0,0,0,0,0,0
"683",2014-08-14,0,0,0,0,0,0
"684",2014-08-15,0,0,0,0,0,0
"685",2014-08-16,0,0,0,0,0,0
"686",2014-08-17,0,0,0,0,0,0
"687",2014-08-18,0,0,0,0,0,0
"688",2014-08-19,0,0,0,0,0,0
"689",2014-08-20,0,0,0,0,0,0
"690",2014-08-21,0,0,0,0,0,0
"691",2014-08-22,0,0,0,0,0,0
"692",2014-08-23,0,0,0,0,0,0
"693",2014-08-24,0,0,0,0,0,0
"694",2014-08-25,0,0,0,0,0,0
"695",2014-08-26,0,0,0,0,0,0
"696",2014-08-27,0,0,0,0,0,0
"697",2014-08-28,0,0,0,0,0,0
"698",2014-08-29,0,0,0,0,0,0
"699",2014-08-30,0,0,0,0,0,0
"700",2014-08-31,0,0,0,0,0,0
"701",2014-09-01,0,0,0,0,0,0
"702",2014-09-02,0,0,0,0,0,0
"703",2014-09-03,0,0,0,0,0,0
"704",2014-09-04,0,0,0,0,0,0
"705",2014-09-05,0,0,0,0,0,0
"706",2014-09-06,0,0,0,0,0,0
"707",2014-09-07,0,0,0,0,0,0
"708",2014-09-08,0,0,0,0,0,0
"709",2014-09-09,0,0,0,0,0,0
"710",2014-09-10,0,0,0,0,0,0
"711",2014-09-11,0,0,0,0,0,0
"712",2014-09-12,0,0,0,0,0,0
"713",2014-09-13,0,0,0,0,0,0
"714",2014-09-14,0,0,0,0,0,0
"715",2014-09-15,0,0,0,0,0,0
"716",2014-09-16,0,0,0,0,0,0
"717",2014-09-17,0,0,0,0,0,0
"718",2014-09-18,0,0,0,0,0,0
"719",2014-09-19,0,0,0,0,0,0
"720",2014-09-20,0,0,0,0,0,0
"721",2014-09-21,0,0,0,0,0,0
"722",2014-09-22,0,0,0,0,0,0
"723",2014-09-23,0,0,0,0,0,0
"724",2014-09-24,0,0,0,0,0,0
"725",2014-09-25,0,0,0,0,0,0
"726",2014-09-26,0,0,0,0,0,0
"727",2014-09-27,0,0,0,0,0,0
"728",2014-09-28,0,0,0,0,0,0
"729",2014-09-29,0,0,0,0,0,0
"730",2014-09-30,0,0,0,0,0,0
"731",2014-10-01,0,0,0,0,0,0
"732",2014-10-02,0,0,0,0,0,0
"733",2014-10-03,0,0,0,0,0,0
"734",2014-10-04,0,0,0,0,0,0
"735",2014-10-05,0,0,0,0,0,0
"736",2014-10-06,0,0,0,0,0,0
"737",2014-10-07,0,0,0,0,0,0
"738",2014-10-08,0,0,0,0,0,0
"739",2014-10-09,0,0,0,0,0,0
"740",2014-10-10,0,0,0,0,0,0
"741",2014-10-11,0,0,0,0,0,0
"742",2014-10-12,0,0,0,0,0,0
"743",2014-10-13,0,0,0,0,0,0
"744",2014-10-14,0,0,0,0,0,0
"745",2014-10-15,0,0,0,0,0,0
"746",2014-10-16,0,0,0,0,0,0
"747",2014-10-17,0,0,0,0,0,0
"748",2014-10-18,0,0,0,0,0,0
"749",2014-10-19,0,0,0,0,0,0
"750",2014-10-20,0,0,0,0,0,0
"751",2014-10-21,0,0,0,0,0,0
"752",2014-10-22,0,0,0,0,0,0
"753",2014-10-23,0,0,0,0,0,0
"754",2014-10-24,0,0,0,0,0,0
"755",2014-10-25,0,0,0,0,0,0
"756",2014-10-26,0,0,0,0,0,0
"757",2014-10-27,0,0,0,0,0,0
"758",2014-10-28,0,0,0,0,0,0
"759",2014-10-29,0,0,0,0,0,0
"760",2014-10-30,0,0,0,0,0,0
"761",2014-10-31,0,0,0,0,0,0
"762",2014-11-01,0,0,0,0,0,0
"763",2014-11-02,0,0,0,0,0,0
"764",2014-11-03,0,0,0,0,0,0
"765",2014-11-04,0,0,0,0,0,0
"766",2014-11-05,0,0,0,0,0,0
"767",2014-11-06,0,0,0,0,0,0
"768",2014-11-07,0,0,0,0,0,0
"769",2014-11-08,0,0,0,0,0,0
"770",2014-11-09,0,0,0,0,0,0
"771",2014-11-10,0,0,0,0,0,0
"772",2014-11-11,0,0,0,0,0,0
"773",2014-11-12,0,0,0,0,0,0
"774",2014-11-13,0,0,0,0,0,0
"775",2014-11-14,0,0,0,0,0,0
"776",2014-11-15,0,0,0,0,0,0
"777",2014-11-16,0,0,0,0,0,0
"778",2014-11-17,0,0,0,0,0,0
"779",2014-11-18,0,0,0,0,0,0
"780",2014-11-19,0,0,0,0,0,0
"781",2014-11-20,0,0,0,0,0,0
"782",2014-11-21,0,0,0,0,0,0
"783",2014-11-22,0,0,0,0,0,0
"784",2014-11-23,0,0,0,0,0,0
"785",2014-11-24,0,0,0,0,0,0
"786",2014-11-25,0,0,0,0,0,0
"787",2014-11-26,0,0,0,0,0,0
"788",2014-11-27,0,0,0,0,0,0
"789",2014-11-28,0,0,0,0,0,0
"790",2014-11-29,0,0,0,0,0,0
"791",2014-11-30,0,0,0,0,0,0
"792",2014-12-01,0,0,0,0,0,0
"793",2014-12-02,0,0,0,0,0,0
"794",2014-12-03,0,0,0,0,0,0
"795",2014-12-04,0,0,0,0,0,0
"796",2014-12-05,0,0,0,0,0,0
"797",2014-12-06,0,0,0,0,0,0
"798",2014-12-07,0,0,0,0,0,0
"799",2014-12-08,0,0,0,0,0,0
"800",2014-12-09,0,0,0,0,0,0
"801",2014-12-10,0,0,0,0,0,0
"802",2014-12-11,0,0,0,0,0,0
"803",2014-12-12,2356,1436669.15368196,256905.736385839,1795817.23635909,175864.446793954,4580124.40397188
"804",2014-12-13,2971,2033265.40050436,359948.210452642,2541036.2370453,248979.113153641,6481492.61689134
"805",2014-12-14,1302,589579.565706388,116874.602066046,738690.844808382,71890.6139126985,1881549.34166967
"806",2014-12-15,867,319452.07882308,70896.0774047655,401512.36286561,38747.6196145098,1020915.94546709
"807",2014-12-16,1762,929124.958821481,172644.786476559,1162341.20396305,113580.912745336,2963143.46374658
"808",2014-12-17,2190,1287624.07346489,231893.118187745,1609748.26577266,157581.258842993,4105234.26465941
"809",2014-12-18,1940,1073544.38101614,196387.137943278,1342554.91132778,131309.737580625,3423203.85113956
"810",2014-12-19,1335,612209.477274847,120620.034778669,766927.289595123,74668.9614943027,1953636.48283755
"811",2014-12-20,1741,912544.327041489,169925.850760673,1141652.5510079,111545.248974574,2910326.1157778
"812",2014-12-21,1545,762638.098577661,145362.300796446,954614.536157963,93139.3087078988,2432812.16404721
"813",2014-12-22,1193,516870.579051069,104769.581874523,647962.174721997,62964.9389865438,1649929.13950731
"814",2014-12-23,951,367280.798127731,79301.2297227306,461242.2310963,44611.0381242486,1173333.16736045
"815",2014-12-24,781,272841.747842387,62515.4764202478,343281.01899653,33037.4014802828,872354.85960583
"816",2014-12-25,623,193882.026215985,47703.8666539844,244554.983064367,23377.3268210581,620594.720989972
"817",2014-12-26,516,145767.403907229,38108.9506005962,184315.893565151,17504.0881856398,467091.506101096
"818",2014-12-27,382,92397.0262395302,26625.9072223762,117367.171189539,11010.6099868893,296672.279832613
"819",2014-12-28,337,76383.6995864256,22918.3834125093,97236.0464703742,9069.46593977566,245489.499775695
"820",2014-12-29,290,60792.6632007409,19138.1319431363,77605.236519134,7184.49979459367,195621.649742998
"821",2014-12-30,357,83373.9440848168,24556.0763695951,106027.186095991,9916.27686493085,267835.987945177
"822",2014-12-31,214,38275.8613019802,13259.3802275041,49173.5945028021,4475.27729535685,123510.294797432
"823",2015-01-01,73.2,7417.67363374881,3532.33444666306,9832.99642435239,822.503451415858,24261.6204079945
"824",2015-01-02,77.1,8032.90122329977,3769.41910629314,10628.6032589086,893.566698970804,26252.9021066462
"825",2015-01-03,73.6,7479.9951825282,3556.52288906663,9913.64029813204,829.694327896772,24463.3892831484
"826",2015-01-04,69.7,6880.07912263573,3321.97373532286,9136.84816902787,760.551038866343,22520.5803339316
"827",2015-01-05,60.3,5507.03327015643,2769.17664294571,7354.1920514914,603.032323071402,18068.7580631993
"828",2015-01-06,57,5050.48845342836,2579.66057577223,6759.69798822691,550.92275684971,16586.586837742
"829",2015-01-07,56,4914.85366793718,2522.73219920086,6582.88416123123,535.471146634319,16146.0352806611
"830",2015-01-08,54.8,4753.78339810978,2454.73489324754,6372.78838508715,517.140654702387,15622.7320219182
"831",2015-01-09,51,4256.12097661699,2241.76862403905,5722.73409964654,460.64254977527,14004.8721192164
"832",2015-01-10,48,3876.87133527669,2076.2917111055,5226.3228677592,417.741970174228,12770.8437223283
"833",2015-01-11,42.3,3190.86631815105,1768.86297446061,4325.70853162669,340.541304424538,10535.7695300026
"834",2015-01-12,35.4,2424.64583197351,1410.33703649657,3314.61289846864,255.0778380652,8033.77363884788
"835",2015-01-13,16.7,758.349298686721,537.565363423237,1081.27310450598,74.1806453663341,2556.10692945801
"836",2015-01-14,0,0,0,0,0,0
"837",2015-01-15,0,0,0,0,0,0
"838",2015-01-16,0,0,0,0,0,0
"839",2015-01-17,0,0,0,0,0,0
"840",2015-01-18,0,0,0,0,0,0
"841",2015-01-19,0,0,0,0,0,0
"842",2015-01-20,0,0,0,0,0,0
"843",2015-01-21,0,0,0,0,0,0
"844",2015-01-22,0,0,0,0,0,0
"845",2015-01-23,0,0,0,0,0,0
"846",2015-01-24,0,0,0,0,0,0
"847",2015-01-25,0,0,0,0,0,0
"848",2015-01-26,0,0,0,0,0,0
"849",2015-01-27,0,0,0,0,0,0
"850",2015-01-28,0,0,0,0,0,0
"851",2015-01-29,0,0,0,0,0,0
"852",2015-01-30,0,0,0,0,0,0
"853",2015-01-31,0,0,0,0,0,0
"854",2015-02-01,0,0,0,0,0,0
"855",2015-02-02,0,0,0,0,0,0
"856",2015-02-03,0,0,0,0,0,0
"857",2015-02-04,0,0,0,0,0,0
"858",2015-02-05,0,0,0,0,0,0
"859",2015-02-06,0,0,0,0,0,0
"860",2015-02-07,0,0,0,0,0,0
"861",2015-02-08,6.9,191.711655431317,170.266010560297,291.960882525871,16.7050979086575,662.833937589942
"862",2015-02-09,879,326148.164475586,72083.4523018426,409875.892282903,39568.2950098916,1042256.02385325
"863",2015-02-10,1268,566560.807239883,113055.145942222,709968.421730041,69064.6623867154,1808222.60580109
"864",2015-02-11,507,141933.519001265,37318.509372871,179512.057067741,17036.7293693869,454855.605298637
"865",2015-02-12,119,15621.7355107803,6464.91581315046,20378.7577518801,1780.0012552868,50744.90033471
"866",2015-02-13,2.3,34.2956683471932,40.1396786324655,58.4067208782304,2.4455175547166,123.312366367326
"867",2015-02-14,0,0,0,0,0,0
"868",2015-02-15,0,0,0,0,0,0
"869",2015-02-16,0,0,0,0,0,0
"870",2015-02-17,0,0,0,0,0,0
"871",2015-02-18,0,0,0,0,0,0
"872",2015-02-19,0,0,0,0,0,0
"873",2015-02-20,0,0,0,0,0,0
"874",2015-02-21,0,0,0,0,0,0
"875",2015-02-22,0,0,0,0,0,0
"876",2015-02-23,0,0,0,0,0,0
"877",2015-02-24,0,0,0,0,0,0
"878",2015-02-25,0,0,0,0,0,0
"879",2015-02-26,0,0,0,0,0,0
"880",2015-02-27,0,0,0,0,0,0
"881",2015-02-28,0,0,0,0,0,0
"882",2015-03-01,0,0,0,0,0,0
"883",2015-03-02,0,0,0,0,0,0
"884",2015-03-03,0,0,0,0,0,0
"885",2015-03-04,0,0,0,0,0,0
"886",2015-03-05,0,0,0,0,0,0
"887",2015-03-06,0,0,0,0,0,0
"888",2015-03-07,0,0,0,0,0,0
"889",2015-03-08,0,0,0,0,0,0
"890",2015-03-09,0,0,0,0,0,0
"891",2015-03-10,0,0,0,0,0,0
"892",2015-03-11,0,0,0,0,0,0
"893",2015-03-12,0,0,0,0,0,0
"894",2015-03-13,0,0,0,0,0,0
"895",2015-03-14,0,0,0,0,0,0
"896",2015-03-15,0,0,0,0,0,0
"897",2015-03-16,0,0,0,0,0,0
"898",2015-03-17,0,0,0,0,0,0
"899",2015-03-18,0,0,0,0,0,0
"900",2015-03-19,0,0,0,0,0,0
"901",2015-03-20,0,0,0,0,0,0
"902",2015-03-21,0,0,0,0,0,0
"903",2015-03-22,0,0,0,0,0,0
"904",2015-03-23,0,0,0,0,0,0
"905",2015-03-24,0,0,0,0,0,0
"906",2015-03-25,0,0,0,0,0,0
"907",2015-03-26,0,0,0,0,0,0
"908",2015-03-27,0,0,0,0,0,0
"909",2015-03-28,0,0,0,0,0,0
"910",2015-03-29,0,0,0,0,0,0
"911",2015-03-30,0,0,0,0,0,0
"912",2015-03-31,0,0,0,0,0,0
"913",2015-04-01,0,0,0,0,0,0
"914",2015-04-02,0,0,0,0,0,0
"915",2015-04-03,0,0,0,0,0,0
"916",2015-04-04,0,0,0,0,0,0
"917",2015-04-05,0,0,0,0,0,0
"918",2015-04-06,0,0,0,0,0,0
"919",2015-04-07,0,0,0,0,0,0
"920",2015-04-08,0,0,0,0,0,0
"921",2015-04-09,0,0,0,0,0,0
"922",2015-04-10,0,0,0,0,0,0
"923",2015-04-11,0,0,0,0,0,0
"924",2015-04-12,0,0,0,0,0,0
"925",2015-04-13,0,0,0,0,0,0
"926",2015-04-14,0,0,0,0,0,0
"927",2015-04-15,0,0,0,0,0,0
"928",2015-04-16,0,0,0,0,0,0
"929",2015-04-17,0,0,0,0,0,0
"930",2015-04-18,0,0,0,0,0,0
"931",2015-04-19,0,0,0,0,0,0
"932",2015-04-20,0,0,0,0,0,0
"933",2015-04-21,0,0,0,0,0,0
"934",2015-04-22,0,0,0,0,0,0
"935",2015-04-23,0,0,0,0,0,0
"936",2015-04-24,0,0,0,0,0,0
"937",2015-04-25,0,0,0,0,0,0
"938",2015-04-26,0,0,0,0,0,0
"939",2015-04-27,0,0,0,0,0,0
"940",2015-04-28,0,0,0,0,0,0
"941",2015-04-29,0,0,0,0,0,0
"942",2015-04-30,0,0,0,0,0,0
"943",2015-05-01,0,0,0,0,0,0
"944",2015-05-02,0,0,0,0,0,0
"945",2015-05-03,0,0,0,0,0,0
"946",2015-05-04,0,0,0,0,0,0
"947",2015-05-05,0,0,0,0,0,0
"948",2015-05-06,0,0,0,0,0,0
"949",2015-05-07,0,0,0,0,0,0
"950",2015-05-08,0,0,0,0,0,0
"951",2015-05-09,0,0,0,0,0,0
"952",2015-05-10,0,0,0,0,0,0
"953",2015-05-11,0,0,0,0,0,0
"954",2015-05-12,0,0,0,0,0,0
"955",2015-05-13,0,0,0,0,0,0
"956",2015-05-14,0,0,0,0,0,0
"957",2015-05-15,0,0,0,0,0,0
"958",2015-05-16,0,0,0,0,0,0
"959",2015-05-17,0,0,0,0,0,0
"960",2015-05-18,0,0,0,0,0,0
"961",2015-05-19,0,0,0,0,0,0
"962",2015-05-20,0,0,0,0,0,0
"963",2015-05-21,0,0,0,0,0,0
"964",2015-05-22,0,0,0,0,0,0
"965",2015-05-23,0,0,0,0,0,0
"966",2015-05-24,0,0,0,0,0,0
"967",2015-05-25,0,0,0,0,0,0
"968",2015-05-26,0,0,0,0,0,0
"969",2015-05-27,0,0,0,0,0,0
"970",2015-05-28,0,0,0,0,0,0
"971",2015-05-29,0,0,0,0,0,0
"972",2015-05-30,0,0,0,0,0,0
"973",2015-05-31,0,0,0,0,0,0
"974",2015-06-01,0,0,0,0,0,0
"975",2015-06-02,0,0,0,0,0,0
"976",2015-06-03,0,0,0,0,0,0
"977",2015-06-04,0,0,0,0,0,0
"978",2015-06-05,0,0,0,0,0,0
"979",2015-06-06,0,0,0,0,0,0
"980",2015-06-07,0,0,0,0,0,0
"981",2015-06-08,0,0,0,0,0,0
"982",2015-06-09,0,0,0,0,0,0
"983",2015-06-10,0,0,0,0,0,0
"984",2015-06-11,0,0,0,0,0,0
"985",2015-06-12,0,0,0,0,0,0
"986",2015-06-13,0,0,0,0,0,0
"987",2015-06-14,0,0,0,0,0,0
"988",2015-06-15,0,0,0,0,0,0
"989",2015-06-16,0,0,0,0,0,0
"990",2015-06-17,0,0,0,0,0,0
"991",2015-06-18,0,0,0,0,0,0
"992",2015-06-19,0,0,0,0,0,0
"993",2015-06-20,0,0,0,0,0,0
"994",2015-06-21,0,0,0,0,0,0
"995",2015-06-22,0,0,0,0,0,0
"996",2015-06-23,0,0,0,0,0,0
"997",2015-06-24,0,0,0,0,0,0
"998",2015-06-25,0,0,0,0,0,0
"999",2015-06-26,0,0,0,0,0,0
"1000",2015-06-27,0,0,0,0,0,0
"1001",2015-06-28,0,0,0,0,0,0
"1002",2015-06-29,0,0,0,0,0,0
"1003",2015-06-30,0,0,0,0,0,0
"1004",2015-07-01,0,0,0,0,0,0
"1005",2015-07-02,0,0,0,0,0,0
"1006",2015-07-03,0,0,0,0,0,0
"1007",2015-07-04,0,0,0,0,0,0
"1008",2015-07-05,0,0,0,0,0,0
"1009",2015-07-06,0,0,0,0,0,0
"1010",2015-07-07,0,0,0,0,0,0
"1011",2015-07-08,0,0,0,0,0,0
"1012",2015-07-09,0,0,0,0,0,0
"1013",2015-07-10,0,0,0,0,0,0
"1014",2015-07-11,0,0,0,0,0,0
"1015",2015-07-12,0,0,0,0,0,0
"1016",2015-07-13,0,0,0,0,0,0
"1017",2015-07-14,0,0,0,0,0,0
"1018",2015-07-15,0,0,0,0,0,0
"1019",2015-07-16,0,0,0,0,0,0
"1020",2015-07-17,0,0,0,0,0,0
"1021",2015-07-18,0,0,0,0,0,0
"1022",2015-07-19,0,0,0,0,0,0
"1023",2015-07-20,0,0,0,0,0,0
"1024",2015-07-21,0,0,0,0,0,0
"1025",2015-07-22,0,0,0,0,0,0
"1026",2015-07-23,0,0,0,0,0,0
"1027",2015-07-24,0,0,0,0,0,0
"1028",2015-07-25,0,0,0,0,0,0
"1029",2015-07-26,0,0,0,0,0,0
"1030",2015-07-27,0,0,0,0,0,0
"1031",2015-07-28,0,0,0,0,0,0
"1032",2015-07-29,0,0,0,0,0,0
"1033",2015-07-30,0,0,0,0,0,0
"1034",2015-07-31,0,0,0,0,0,0
"1035",2015-08-01,0,0,0,0,0,0
"1036",2015-08-02,0,0,0,0,0,0
"1037",2015-08-03,0,0,0,0,0,0
"1038",2015-08-04,0,0,0,0,0,0
"1039",2015-08-05,0,0,0,0,0,0
"1040",2015-08-06,0,0,0,0,0,0
"1041",2015-08-07,0,0,0,0,0,0
"1042",2015-08-08,0,0,0,0,0,0
"1043",2015-08-09,0,0,0,0,0,0
"1044",2015-08-10,0,0,0,0,0,0
"1045",2015-08-11,0,0,0,0,0,0
"1046",2015-08-12,0,0,0,0,0,0
"1047",2015-08-13,0,0,0,0,0,0
"1048",2015-08-14,0,0,0,0,0,0
"1049",2015-08-15,0,0,0,0,0,0
"1050",2015-08-16,0,0,0,0,0,0
"1051",2015-08-17,0,0,0,0,0,0
"1052",2015-08-18,0,0,0,0,0,0
"1053",2015-08-19,0,0,0,0,0,0
"1054",2015-08-20,0,0,0,0,0,0
"1055",2015-08-21,0,0,0,0,0,0
"1056",2015-08-22,0,0,0,0,0,0
"1057",2015-08-23,0,0,0,0,0,0
"1058",2015-08-24,0,0,0,0,0,0
"1059",2015-08-25,0,0,0,0,0,0
"1060",2015-08-26,0,0,0,0,0,0
"1061",2015-08-27,0,0,0,0,0,0
"1062",2015-08-28,0,0,0,0,0,0
"1063",2015-08-29,0,0,0,0,0,0
"1064",2015-08-30,0,0,0,0,0,0
"1065",2015-08-31,0,0,0,0,0,0
"1066",2015-09-01,0,0,0,0,0,0
"1067",2015-09-02,0,0,0,0,0,0
"1068",2015-09-03,0,0,0,0,0,0
"1069",2015-09-04,0,0,0,0,0,0
"1070",2015-09-05,0,0,0,0,0,0
"1071",2015-09-06,0,0,0,0,0,0
"1072",2015-09-07,0,0,0,0,0,0
"1073",2015-09-08,0,0,0,0,0,0
"1074",2015-09-09,0,0,0,0,0,0
"1075",2015-09-10,0,0,0,0,0,0
"1076",2015-09-11,0,0,0,0,0,0
"1077",2015-09-12,0,0,0,0,0,0
"1078",2015-09-13,0,0,0,0,0,0
"1079",2015-09-14,0,0,0,0,0,0
"1080",2015-09-15,0,0,0,0,0,0
"1081",2015-09-16,0,0,0,0,0,0
"1082",2015-09-17,0,0,0,0,0,0
"1083",2015-09-18,0,0,0,0,0,0
"1084",2015-09-19,0,0,0,0,0,0
"1085",2015-09-20,0,0,0,0,0,0
"1086",2015-09-21,0,0,0,0,0,0
"1087",2015-09-22,0,0,0,0,0,0
"1088",2015-09-23,0,0,0,0,0,0
"1089",2015-09-24,0,0,0,0,0,0
"1090",2015-09-25,0,0,0,0,0,0
"1091",2015-09-26,0,0,0,0,0,0
"1092",2015-09-27,0,0,0,0,0,0
"1093",2015-09-28,0,0,0,0,0,0
"1094",2015-09-29,0,0,0,0,0,0
"1095",2015-09-30,0,0,0,0,0,0
"1096",2015-10-01,0,0,0,0,0,0
"1097",2015-10-02,0,0,0,0,0,0
"1098",2015-10-03,0,0,0,0,0,0
"1099",2015-10-04,0,0,0,0,0,0
"1100",2015-10-05,0,0,0,0,0,0
"1101",2015-10-06,0,0,0,0,0,0
"1102",2015-10-07,0,0,0,0,0,0
"1103",2015-10-08,0,0,0,0,0,0
"1104",2015-10-09,0,0,0,0,0,0
"1105",2015-10-10,0,0,0,0,0,0
"1106",2015-10-11,0,0,0,0,0,0
"1107",2015-10-12,0,0,0,0,0,0
"1108",2015-10-13,0,0,0,0,0,0
"1109",2015-10-14,0,0,0,0,0,0
"1110",2015-10-15,0,0,0,0,0,0
"1111",2015-10-16,0,0,0,0,0,0
"1112",2015-10-17,0,0,0,0,0,0
"1113",2015-10-18,0,0,0,0,0,0
"1114",2015-10-19,0,0,0,0,0,0
"1115",2015-10-20,0,0,0,0,0,0
"1116",2015-10-21,0,0,0,0,0,0
"1117",2015-10-22,0,0,0,0,0,0
"1118",2015-10-23,0,0,0,0,0,0
"1119",2015-10-24,0,0,0,0,0,0
"1120",2015-10-25,0,0,0,0,0,0
"1121",2015-10-26,0,0,0,0,0,0
"1122",2015-10-27,0,0,0,0,0,0
"1123",2015-10-28,0,0,0,0,0,0
"1124",2015-10-29,0,0,0,0,0,0
"1125",2015-10-30,0,0,0,0,0,0
"1126",2015-10-31,0,0,0,0,0,0
"1127",2015-11-01,0,0,0,0,0,0
"1128",2015-11-02,0,0,0,0,0,0
"1129",2015-11-03,0,0,0,0,0,0
"1130",2015-11-04,0,0,0,0,0,0
"1131",2015-11-05,0,0,0,0,0,0
"1132",2015-11-06,0,0,0,0,0,0
"1133",2015-11-07,0,0,0,0,0,0
"1134",2015-11-08,0,0,0,0,0,0
"1135",2015-11-09,0,0,0,0,0,0
"1136",2015-11-10,0,0,0,0,0,0
"1137",2015-11-11,0,0,0,0,0,0
"1138",2015-11-12,0,0,0,0,0,0
"1139",2015-11-13,0,0,0,0,0,0
"1140",2015-11-14,0,0,0,0,0,0
"1141",2015-11-15,0,0,0,0,0,0
"1142",2015-11-16,0,0,0,0,0,0
"1143",2015-11-17,0,0,0,0,0,0
"1144",2015-11-18,0,0,0,0,0,0
"1145",2015-11-19,0,0,0,0,0,0
"1146",2015-11-20,0,0,0,0,0,0
"1147",2015-11-21,0,0,0,0,0,0
"1148",2015-11-22,0,0,0,0,0,0
"1149",2015-11-23,0,0,0,0,0,0
"1150",2015-11-24,0,0,0,0,0,0
"1151",2015-11-25,0,0,0,0,0,0
"1152",2015-11-26,0,0,0,0,0,0
"1153",2015-11-27,0,0,0,0,0,0
"1154",2015-11-28,0,0,0,0,0,0
"1155",2015-11-29,0,0,0,0,0,0
"1156",2015-11-30,0,0,0,0,0,0
"1157",2015-12-01,0,0,0,0,0,0
"1158",2015-12-02,0,0,0,0,0,0
"1159",2015-12-03,0,0,0,0,0,0
"1160",2015-12-04,0,0,0,0,0,0
"1161",2015-12-05,0,0,0,0,0,0
"1162",2015-12-06,0,0,0,0,0,0
"1163",2015-12-07,0,0,0,0,0,0
"1164",2015-12-08,0,0,0,0,0,0
"1165",2015-12-09,0,0,0,0,0,0
"1166",2015-12-10,0,0,0,0,0,0
"1167",2015-12-11,0,0,0,0,0,0
"1168",2015-12-12,0,0,0,0,0,0
"1169",2015-12-13,0,0,0,0,0,0
"1170",2015-12-14,0,0,0,0,0,0
"1171",2015-12-15,0,0,0,0,0,0
"1172",2015-12-16,0,0,0,0,0,0
"1173",2015-12-17,0,0,0,0,0,0
"1174",2015-12-18,0,0,0,0,0,0
"1175",2015-12-19,0,0,0,0,0,0
"1176",2015-12-20,0,0,0,0,0,0
"1177",2015-12-21,0,0,0,0,0,0
"1178",2015-12-22,0,0,0,0,0,0
"1179",2015-12-23,0,0,0,0,0,0
"1180",2015-12-24,0,0,0,0,0,0
"1181",2015-12-25,0,0,0,0,0,0
"1182",2015-12-26,0,0,0,0,0,0
"1183",2015-12-27,0,0,0,0,0,0
"1184",2015-12-28,0,0,0,0,0,0
"1185",2015-12-29,0,0,0,0,0,0
"1186",2015-12-30,0,0,0,0,0,0
"1187",2015-12-31,0,0,0,0,0,0
"1188",2016-01-01,0,0,0,0,0,0
"1189",2016-01-02,0,0,0,0,0,0
"1190",2016-01-03,0,0,0,0,0,0
"1191",2016-01-04,0,0,0,0,0,0
"1192",2016-01-05,0,0,0,0,0,0
"1193",2016-01-06,0,0,0,0,0,0
"1194",2016-01-07,0,0,0,0,0,0
"1195",2016-01-08,0,0,0,0,0,0
"1196",2016-01-09,0,0,0,0,0,0
"1197",2016-01-10,0,0,0,0,0,0
"1198",2016-01-11,0,0,0,0,0,0
"1199",2016-01-12,0,0,0,0,0,0
"1200",2016-01-13,0,0,0,0,0,0
"1201",2016-01-14,0,0,0,0,0,0
"1202",2016-01-15,0,0,0,0,0,0
"1203",2016-01-16,0,0,0,0,0,0
"1204",2016-01-17,0,0,0,0,0,0
"1205",2016-01-18,0,0,0,0,0,0
"1206",2016-01-19,0,0,0,0,0,0
"1207",2016-01-20,0,0,0,0,0,0
"1208",2016-01-21,0,0,0,0,0,0
"1209",2016-01-22,0,0,0,0,0,0
"1210",2016-01-23,7.5,218.345021720479,189.878718289771,330.180768929306,19.2650673129474,752.923042167359
"1211",2016-01-24,84,9161.92475603964,4195.39925192473,12086.0256897509,1024.38082961424,29904.2751839199
"1212",2016-01-25,283,58575.0009935656,18583.8740639813,74809.8796532406,6916.88413057989,188524.96616404
"1213",2016-01-26,301,64333.3522208491,20013.8544523341,82066.5307064682,7612.05323015159,206950.145771884
"1214",2016-01-27,274,55764.9463088638,17874.8063462917,71266.5260096243,6577.99087519758,179531.119452406
"1215",2016-01-28,214,38275.8613019802,13259.3802275041,49173.5945028021,4475.27729535685,123510.294797432
"1216",2016-01-29,165,25743.6417282837,9660.39062831914,33281.1128645758,2978.3937712738,83297.9613115221
"1217",2016-01-30,166,25982.2156698079,9732.0210005117,33584.348733865,3006.77874183837,84064.258596546
"1218",2016-01-31,224,41034.266079641,14014.0801295401,52663.5554482735,4806.04303437166,132352.135763247
"1219",2016-02-01,66.8,6445.305959867,3149.48085777175,8573.14361091342,710.555362723274,21111.7623315713
"1220",2016-02-02,0,0,0,0,0,0
"1221",2016-02-03,0,0,0,0,0,0
"1222",2016-02-04,0,0,0,0,0,0
"1223",2016-02-05,0,0,0,0,0,0
"1224",2016-02-06,0,0,0,0,0,0
"1225",2016-02-07,0,0,0,0,0,0
"1226",2016-02-08,0,0,0,0,0,0
"1227",2016-02-09,0,0,0,0,0,0
"1228",2016-02-10,0,0,0,0,0,0
"1229",2016-02-11,0,0,0,0,0,0
"1230",2016-02-12,0,0,0,0,0,0
"1231",2016-02-13,0,0,0,0,0,0
"1232",2016-02-14,0,0,0,0,0,0
"1233",2016-02-15,0,0,0,0,0,0
"1234",2016-02-16,0,0,0,0,0,0
"1235",2016-02-17,0,0,0,0,0,0
"1236",2016-02-18,0,0,0,0,0,0
"1237",2016-02-19,0,0,0,0,0,0
"1238",2016-02-20,0,0,0,0,0,0
"1239",2016-02-21,0,0,0,0,0,0
"1240",2016-02-22,0,0,0,0,0,0
"1241",2016-02-23,0,0,0,0,0,0
"1242",2016-02-24,0,0,0,0,0,0
"1243",2016-02-25,0,0,0,0,0,0
"1244",2016-02-26,0,0,0,0,0,0
"1245",2016-02-27,0,0,0,0,0,0
"1246",2016-02-28,0,0,0,0,0,0
"1247",2016-02-29,0,0,0,0,0,0
"1248",2016-03-01,0,0,0,0,0,0
"1249",2016-03-02,0,0,0,0,0,0
"1250",2016-03-03,0,0,0,0,0,0
"1251",2016-03-04,0,0,0,0,0,0
"1252",2016-03-05,0,0,0,0,0,0
"1253",2016-03-06,0,0,0,0,0,0
"1254",2016-03-07,0,0,0,0,0,0
"1255",2016-03-08,7.4,213.82121578502,186.576582031738,323.703676889676,18.828458716489,737.63509200912
"1256",2016-03-09,261,51789.3178327903,16857.8749123895,66250.7807529662,6098.95998807868,166803.728001355
"1257",2016-03-10,168,26461.6056135037,9875.52915760759,34193.5729424912,3063.83096415244,85603.9451933955
"1258",2016-03-11,1034,416669.416624049,87823.3553011539,522901.990963175,50668.7187153172,1330700.41942764
"1259",2016-03-12,3648,2763712.87936819,492878.666002647,3454414.20199045,338340.500732494,8810544.89868166
"1260",2016-03-13,3317,2397462.21734644,425298.066080273,2996308.79326407,293555.767325579,7642593.71048943
"1261",2016-03-14,2820,1880581.77482638,333108.35789885,2350249.54446955,230278.183749319,5994809.68815589
"1262",2016-03-15,2107,1215137.00087867,219820.069275261,1519268.83281323,148687.082611059,3874290.5058556
"1263",2016-03-16,1348,621201.407940466,122105.951017882,778146.779784524,75772.9610038048,1982279.89046685
"1264",2016-03-17,2110,1217732.90692462,220251.467353547,1522508.93055343,149005.625172104,3882560.88966248
"1265",2016-03-18,2046,1162750.48058493,211128.71469915,1453884.54972221,142258.379782749,3707393.16005712
"1266",2016-03-19,1674,860306.984451941,161364.95505626,1076474.43239407,105131.635412545,2743926.61020804
"1267",2016-03-20,506,141509.650290128,37230.8458602126,178980.910171083,16985.0657410637,453502.774170054
"1268",2016-03-21,447,117269.554141864,32117.7546379683,148590.287605365,14033.0951433297,376119.636448136
"1269",2016-03-22,333,75010.574524383,22592.8536755861,95508.4825274788,8903.23425946142,241099.102926795
"1270",2016-03-23,300,64008.6811385143,19934.0076847984,81657.5278486318,7572.83395825273,205911.451768867
"1271",2016-03-24,195,33217.6690232307,11843.3750024726,42767.1456334026,3869.82998894528,107289.014371924
"1272",2016-03-25,141,20248.5175613321,7967.46888902135,26286.5967464231,2326.19252022466,65636.4126900134
"1273",2016-03-26,98.8,11749.7375705341,5134.56241688912,15416.1456697368,1325.82979860981,38261.9986057515
"1274",2016-03-27,128,17464.9155886487,7073.37003502024,22734.7221628771,1997.20193513007,56679.9985401594
"1275",2016-03-28,166,25982.2156698079,9732.0210005117,33584.348733865,3006.77874183837,84064.258596546
"1276",2016-03-29,133,18518.8781339562,7415.20174843139,24080.3850938879,2121.64077160872,60072.0931772891
"1277",2016-03-30,126,17049.2702039265,6937.38354961456,22203.7480750376,1948.17387390824,55341.9497744007
"1278",2016-03-31,114,14628.49535973,6130.8882855925,19107.6350242783,1663.20282090451,47544.8969541149
"1279",2016-04-01,106,13086.4443687563,5602.77678507641,17131.7012225269,1482.25372423725,42574.004870153
"1280",2016-04-02,23.2,1262.0160338635,821.18357688965,1764.06629105302,127.770463193057,4219.92752762793
"1281",2016-04-03,0,0,0,0,0,0
"1282",2016-04-04,0,0,0,0,0,0
"1283",2016-04-05,0,0,0,0,0,0
"1284",2016-04-06,0,0,0,0,0,0
"1285",2016-04-07,0,0,0,0,0,0
"1286",2016-04-08,0,0,0,0,0,0
"1287",2016-04-09,0,0,0,0,0,0
"1288",2016-04-10,0,0,0,0,0,0
"1289",2016-04-11,0,0,0,0,0,0
"1290",2016-04-12,0,0,0,0,0,0
"1291",2016-04-13,0,0,0,0,0,0
"1292",2016-04-14,0,0,0,0,0,0
"1293",2016-04-15,0,0,0,0,0,0
"1294",2016-04-16,0,0,0,0,0,0
"1295",2016-04-17,0,0,0,0,0,0
"1296",2016-04-18,0,0,0,0,0,0
"1297",2016-04-19,0,0,0,0,0,0
"1298",2016-04-20,0,0,0,0,0,0
"1299",2016-04-21,0,0,0,0,0,0
"1300",2016-04-22,0,0,0,0,0,0
"1301",2016-04-23,0,0,0,0,0,0
"1302",2016-04-24,0,0,0,0,0,0
"1303",2016-04-25,0,0,0,0,0,0
"1304",2016-04-26,0,0,0,0,0,0
"1305",2016-04-27,0,0,0,0,0,0
"1306",2016-04-28,0,0,0,0,0,0
"1307",2016-04-29,0,0,0,0,0,0
"1308",2016-04-30,0,0,0,0,0,0
"1309",2016-05-01,0,0,0,0,0,0
"1310",2016-05-02,0,0,0,0,0,0
"1311",2016-05-03,0,0,0,0,0,0
"1312",2016-05-04,0,0,0,0,0,0
"1313",2016-05-05,0,0,0,0,0,0
"1314",2016-05-06,0,0,0,0,0,0
"1315",2016-05-07,0,0,0,0,0,0
"1316",2016-05-08,0,0,0,0,0,0
"1317",2016-05-09,0,0,0,0,0,0
"1318",2016-05-10,0,0,0,0,0,0
"1319",2016-05-11,0,0,0,0,0,0
"1320",2016-05-12,0,0,0,0,0,0
"1321",2016-05-13,0,0,0,0,0,0
"1322",2016-05-14,0,0,0,0,0,0
"1323",2016-05-15,0,0,0,0,0,0
"1324",2016-05-16,0,0,0,0,0,0
"1325",2016-05-17,0,0,0,0,0,0
"1326",2016-05-18,0,0,0,0,0,0
"1327",2016-05-19,0,0,0,0,0,0
"1328",2016-05-20,0,0,0,0,0,0
"1329",2016-05-21,0,0,0,0,0,0
"1330",2016-05-22,0,0,0,0,0,0
"1331",2016-05-23,0,0,0,0,0,0
"1332",2016-05-24,0,0,0,0,0,0
"1333",2016-05-25,0,0,0,0,0,0
"1334",2016-05-26,0,0,0,0,0,0
"1335",2016-05-27,0,0,0,0,0,0
"1336",2016-05-28,0,0,0,0,0,0
"1337",2016-05-29,0,0,0,0,0,0
"1338",2016-05-30,0,0,0,0,0,0
"1339",2016-05-31,0,0,0,0,0,0
"1340",2016-06-01,0,0,0,0,0,0
"1341",2016-06-02,0,0,0,0,0,0
"1342",2016-06-03,0,0,0,0,0,0
"1343",2016-06-04,0,0,0,0,0,0
"1344",2016-06-05,0,0,0,0,0,0
"1345",2016-06-06,0,0,0,0,0,0
"1346",2016-06-07,0,0,0,0,0,0
"1347",2016-06-08,0,0,0,0,0,0
"1348",2016-06-09,0,0,0,0,0,0
"1349",2016-06-10,0,0,0,0,0,0
"1350",2016-06-11,0,0,0,0,0,0
"1351",2016-06-12,0,0,0,0,0,0
"1352",2016-06-13,0,0,0,0,0,0
"1353",2016-06-14,0,0,0,0,0,0
"1354",2016-06-15,0,0,0,0,0,0
"1355",2016-06-16,0,0,0,0,0,0
"1356",2016-06-17,0,0,0,0,0,0
"1357",2016-06-18,0,0,0,0,0,0
"1358",2016-06-19,0,0,0,0,0,0
"1359",2016-06-20,0,0,0,0,0,0
"1360",2016-06-21,0,0,0,0,0,0
"1361",2016-06-22,0,0,0,0,0,0
"1362",2016-06-23,0,0,0,0,0,0
"1363",2016-06-24,0,0,0,0,0,0
"1364",2016-06-25,0,0,0,0,0,0
"1365",2016-06-26,0,0,0,0,0,0
"1366",2016-06-27,0,0,0,0,0,0
"1367",2016-06-28,0,0,0,0,0,0
"1368",2016-06-29,0,0,0,0,0,0
"1369",2016-06-30,0,0,0,0,0,0
"1370",2016-07-01,0,0,0,0,0,0
"1371",2016-07-02,0,0,0,0,0,0
"1372",2016-07-03,0,0,0,0,0,0
"1373",2016-07-04,0,0,0,0,0,0
"1374",2016-07-05,0,0,0,0,0,0
"1375",2016-07-06,0,0,0,0,0,0
"1376",2016-07-07,0,0,0,0,0,0
"1377",2016-07-08,0,0,0,0,0,0
"1378",2016-07-09,0,0,0,0,0,0
"1379",2016-07-10,0,0,0,0,0,0
"1380",2016-07-11,0,0,0,0,0,0
"1381",2016-07-12,0,0,0,0,0,0
"1382",2016-07-13,0,0,0,0,0,0
"1383",2016-07-14,0,0,0,0,0,0
"1384",2016-07-15,0,0,0,0,0,0
"1385",2016-07-16,0,0,0,0,0,0
"1386",2016-07-17,0,0,0,0,0,0
"1387",2016-07-18,0,0,0,0,0,0
"1388",2016-07-19,0,0,0,0,0,0
"1389",2016-07-20,0,0,0,0,0,0
"1390",2016-07-21,0,0,0,0,0,0
"1391",2016-07-22,0,0,0,0,0,0
"1392",2016-07-23,0,0,0,0,0,0
"1393",2016-07-24,0,0,0,0,0,0
"1394",2016-07-25,0,0,0,0,0,0
"1395",2016-07-26,0,0,0,0,0,0
"1396",2016-07-27,0,0,0,0,0,0
"1397",2016-07-28,0,0,0,0,0,0
"1398",2016-07-29,0,0,0,0,0,0
"1399",2016-07-30,0,0,0,0,0,0
"1400",2016-07-31,0,0,0,0,0,0
"1401",2016-08-01,0,0,0,0,0,0
"1402",2016-08-02,0,0,0,0,0,0
"1403",2016-08-03,0,0,0,0,0,0
"1404",2016-08-04,0,0,0,0,0,0
"1405",2016-08-05,0,0,0,0,0,0
"1406",2016-08-06,0,0,0,0,0,0
"1407",2016-08-07,0,0,0,0,0,0
"1408",2016-08-08,0,0,0,0,0,0
"1409",2016-08-09,0,0,0,0,0,0
"1410",2016-08-10,0,0,0,0,0,0
"1411",2016-08-11,0,0,0,0,0,0
"1412",2016-08-12,0,0,0,0,0,0
"1413",2016-08-13,0,0,0,0,0,0
"1414",2016-08-14,0,0,0,0,0,0
"1415",2016-08-15,0,0,0,0,0,0
"1416",2016-08-16,0,0,0,0,0,0
"1417",2016-08-17,0,0,0,0,0,0
"1418",2016-08-18,0,0,0,0,0,0
"1419",2016-08-19,0,0,0,0,0,0
"1420",2016-08-20,0,0,0,0,0,0
"1421",2016-08-21,0,0,0,0,0,0
"1422",2016-08-22,0,0,0,0,0,0
"1423",2016-08-23,0,0,0,0,0,0
"1424",2016-08-24,0,0,0,0,0,0
"1425",2016-08-25,0,0,0,0,0,0
"1426",2016-08-26,0,0,0,0,0,0
"1427",2016-08-27,0,0,0,0,0,0
"1428",2016-08-28,0,0,0,0,0,0
"1429",2016-08-29,0,0,0,0,0,0
"1430",2016-08-30,0,0,0,0,0,0
"1431",2016-08-31,0,0,0,0,0,0
"1432",2016-09-01,0,0,0,0,0,0
"1433",2016-09-02,0,0,0,0,0,0
"1434",2016-09-03,0,0,0,0,0,0
"1435",2016-09-04,0,0,0,0,0,0
"1436",2016-09-05,0,0,0,0,0,0
"1437",2016-09-06,0,0,0,0,0,0
"1438",2016-09-07,0,0,0,0,0,0
"1439",2016-09-08,0,0,0,0,0,0
"1440",2016-09-09,0,0,0,0,0,0
"1441",2016-09-10,0,0,0,0,0,0
"1442",2016-09-11,0,0,0,0,0,0
"1443",2016-09-12,0,0,0,0,0,0
"1444",2016-09-13,0,0,0,0,0,0
"1445",2016-09-14,0,0,0,0,0,0
"1446",2016-09-15,0,0,0,0,0,0
"1447",2016-09-16,0,0,0,0,0,0
"1448",2016-09-17,0,0,0,0,0,0
"1449",2016-09-18,0,0,0,0,0,0
"1450",2016-09-19,0,0,0,0,0,0
"1451",2016-09-20,0,0,0,0,0,0
"1452",2016-09-21,0,0,0,0,0,0
"1453",2016-09-22,0,0,0,0,0,0
"1454",2016-09-23,0,0,0,0,0,0
"1455",2016-09-24,0,0,0,0,0,0
"1456",2016-09-25,0,0,0,0,0,0
"1457",2016-09-26,0,0,0,0,0,0
"1458",2016-09-27,0,0,0,0,0,0
"1459",2016-09-28,0,0,0,0,0,0
"1460",2016-09-29,0,0,0,0,0,0
"1461",2016-09-30,0,0,0,0,0,0
"1462",2016-10-01,0,0,0,0,0,0
"1463",2016-10-02,0,0,0,0,0,0
"1464",2016-10-03,0,0,0,0,0,0
"1465",2016-10-04,0,0,0,0,0,0
"1466",2016-10-05,0,0,0,0,0,0
"1467",2016-10-06,0,0,0,0,0,0
"1468",2016-10-07,0,0,0,0,0,0
"1469",2016-10-08,0,0,0,0,0,0
"1470",2016-10-09,0,0,0,0,0,0
"1471",2016-10-10,0,0,0,0,0,0
"1472",2016-10-11,0,0,0,0,0,0
"1473",2016-10-12,0,0,0,0,0,0
"1474",2016-10-13,0,0,0,0,0,0
"1475",2016-10-14,0,0,0,0,0,0
"1476",2016-10-15,0,0,0,0,0,0
"1477",2016-10-16,0,0,0,0,0,0
"1478",2016-10-17,0,0,0,0,0,0
"1479",2016-10-18,0,0,0,0,0,0
"1480",2016-10-19,0,0,0,0,0,0
"1481",2016-10-20,0,0,0,0,0,0
"1482",2016-10-21,0,0,0,0,0,0
"1483",2016-10-22,0,0,0,0,0,0
"1484",2016-10-23,0,0,0,0,0,0
"1485",2016-10-24,0,0,0,0,0,0
"1486",2016-10-25,0,0,0,0,0,0
"1487",2016-10-26,0,0,0,0,0,0
"1488",2016-10-27,0,0,0,0,0,0
"1489",2016-10-28,0,0,0,0,0,0
"1490",2016-10-29,0,0,0,0,0,0
"1491",2016-10-30,0,0,0,0,0,0
"1492",2016-10-31,0,0,0,0,0,0
"1493",2016-11-01,0,0,0,0,0,0
"1494",2016-11-02,0,0,0,0,0,0
"1495",2016-11-03,0,0,0,0,0,0
"1496",2016-11-04,0,0,0,0,0,0
"1497",2016-11-05,0,0,0,0,0,0
"1498",2016-11-06,0,0,0,0,0,0
"1499",2016-11-07,0,0,0,0,0,0
"1500",2016-11-08,0,0,0,0,0,0
"1501",2016-11-09,0,0,0,0,0,0
"1502",2016-11-10,0,0,0,0,0,0
"1503",2016-11-11,0,0,0,0,0,0
"1504",2016-11-12,0,0,0,0,0,0
"1505",2016-11-13,0,0,0,0,0,0
"1506",2016-11-14,0,0,0,0,0,0
"1507",2016-11-15,0,0,0,0,0,0
"1508",2016-11-16,0,0,0,0,0,0
"1509",2016-11-17,0,0,0,0,0,0
"1510",2016-11-18,0,0,0,0,0,0
"1511",2016-11-19,0,0,0,0,0,0
"1512",2016-11-20,0,0,0,0,0,0
"1513",2016-11-21,0,0,0,0,0,0
"1514",2016-11-22,0,0,0,0,0,0
"1515",2016-11-23,0,0,0,0,0,0
"1516",2016-11-24,0,0,0,0,0,0
"1517",2016-11-25,0,0,0,0,0,0
"1518",2016-11-26,0,0,0,0,0,0
"1519",2016-11-27,0,0,0,0,0,0
"1520",2016-11-28,0,0,0,0,0,0
"1521",2016-11-29,0,0,0,0,0,0
"1522",2016-11-30,0,0,0,0,0,0
"1523",2016-12-01,0,0,0,0,0,0
"1524",2016-12-02,0,0,0,0,0,0
"1525",2016-12-03,0,0,0,0,0,0
"1526",2016-12-04,0,0,0,0,0,0
"1527",2016-12-05,0,0,0,0,0,0
"1528",2016-12-06,0,0,0,0,0,0
"1529",2016-12-07,0,0,0,0,0,0
"1530",2016-12-08,0,0,0,0,0,0
"1531",2016-12-09,0,0,0,0,0,0
"1532",2016-12-10,0,0,0,0,0,0
"1533",2016-12-11,0,0,0,0,0,0
"1534",2016-12-12,0,0,0,0,0,0
"1535",2016-12-13,0,0,0,0,0,0
"1536",2016-12-14,0,0,0,0,0,0
"1537",2016-12-15,0,0,0,0,0,0
"1538",2016-12-16,0,0,0,0,0,0
"1539",2016-12-17,0,0,0,0,0,0
"1540",2016-12-18,0,0,0,0,0,0
"1541",2016-12-19,0,0,0,0,0,0
"1542",2016-12-20,0,0,0,0,0,0
"1543",2016-12-21,0,0,0,0,0,0
"1544",2016-12-22,0,0,0,0,0,0
"1545",2016-12-23,0,0,0,0,0,0
"1546",2016-12-24,0,0,0,0,0,0
"1547",2016-12-25,0,0,0,0,0,0
"1548",2016-12-26,0,0,0,0,0,0
"1549",2016-12-27,0,0,0,0,0,0
"1550",2016-12-28,0,0,0,0,0,0
"1551",2016-12-29,0,0,0,0,0,0
"1552",2016-12-30,0,0,0,0,0,0
"1553",2016-12-31,0,0,0,0,0,0
"1554",2017-01-01,0,0,0,0,0,0
"1555",2017-01-02,0,0,0,0,0,0
"1556",2017-01-03,0,0,0,0,0,0
"1557",2017-01-04,0,0,0,0,0,0
"1558",2017-01-05,163,25268.7472383628,9517.37982404132,32677.4074794741,2921.90753671207,81772.4946060871
"1559",2017-01-06,353,81959.4420132259,24227.218803184,104248.713754271,9744.84839869269,263314.602814518
"1560",2017-01-07,297,63038.002867856,19694.7481909631,80434.6198010232,7455.59538065278,202805.924558483
"1561",2017-01-08,866,318896.160946333,70797.3293257089,400817.990959868,38679.4894976431,1019144.24017895
"1562",2017-01-09,10680,13673610.4246824,3071856.1521567,17192682.969787,1657460.94378664,43706075.6115465
"1563",2017-01-10,4888,4277232.95060211,790397.106645335,5350197.51451727,522976.020314851,13640113.6819047
"1564",2017-01-11,10929,14148933.0559989,3201103.69493165,17794363.0916229,1714429.63705961,45229937.5325824
"1565",2017-01-12,7443,7999194.85836899,1620739.88789606,10027882.7716778,974476.504886856,25534513.4742395
"1566",2017-01-13,5288,4809309.30035145,901259.056520483,6017612.93263072,587729.14656368,15339028.6009304
"1567",2017-01-14,3962,3126478.29722521,561594.839935521,3908416.91425905,382657.210418917,9967673.98504682
"1568",2017-01-15,3633,2746750.96261027,489708.437975262,3433192.47701692,336267.362375342,8756447.76763543
"1569",2017-01-16,3315,2395301.27156328,424904.820990862,2993606.67306738,293291.401090045,7635703.47941186
"1570",2017-01-17,3137,2205549.78622983,390629.213726527,2756371.22130337,270071.625865237,7030717.29887006
"1571",2017-01-18,2870,1930706.92469422,341883.469016048,2412878.57117837,236418.429356352,6154579.02160658
"1572",2017-01-19,6536,6593401.56732846,1293104.36095792,8258754.06462318,804324.89645753,21039302.368616
"1573",2017-01-20,7490,8074400.24926875,1638683.79403141,10122598.8732556,983567.222599497,25775075.7830621
"1574",2017-01-21,9184,10930718.8570211,2347633.43150325,13724986.3617195,1328023.34398793,34917388.5276472
"1575",2017-01-22,7732,8465198.62128161,1732568.20038466,10614898.2126669,1030787.80260414,27025267.4428649
"1576",2017-01-23,9828,12087289.2434515,2648315.79191308,15186245.8602384,1467083.41083643,38622185.3533793
"1577",2017-01-24,6360,6330937.01199229,1233672.35182025,7928754.57048334,772508.708653807,20200377.2017576
"1578",2017-01-25,5072,4519474.01537086,840497.000087181,5653996.64813227,552465.988630989,14413520.8379417
"1579",2017-01-26,3849,2994254.13254642,536348.215086726,3742908.57752813,366508.988074214,9545879.48593759
"1580",2017-01-27,3774,2907528.29953837,519912.984817953,3634369.7383253,355914.421152794,9269245.04126613
"1581",2017-01-28,3587,2694947.24829363,480050.232059732,3368382.26636669,329935.185713786,8591232.63005306
"1582",2017-01-29,3387,2473494.57022295,439175.674433577,3091388.13401931,302856.466849051,7885031.53388828
"1583",2017-01-30,3276,2353290.25009367,417272.683965442,2941076.50556445,288151.547020577,7501752.35972332
"1584",2017-01-31,3132,2200293.91243366,389687.028761178,2749801.12549569,269428.300757965,7013961.11957229
"1585",2017-02-01,3038,2102250.23575678,372182.902907224,2627251.93652038,257425.98545089,6701400.960408
"1586",2017-02-02,3092,2158394.77065465,382189.993763126,2697427.15377797,264299.474091189,6880385.29058485
"1587",2017-02-03,4271,3497394.42794013,633605.066911151,4372876.83344067,427927.834762061,11151093.6675012
"1588",2017-02-04,5749,5447062.88174348,1037944.52211499,6818190.28380524,665244.96738731,17376056.2511303
"1589",2017-02-05,4353,3598073.699379,653445.325111615,4498990.77381914,440208.707932889,11472363.7792948
"1590",2017-02-06,4735,4079131.19071793,749904.647189303,5101828.49192449,498847.435542433,13007715.0864133
"1591",2017-02-07,7701,8414805.77659984,1720402.40107928,10551406.2159837,1024700.51409137,26864045.0072114
"1592",2017-02-08,11625,15504807.5148976,3575321.66369063,19511823.0781398,1876752.30988262,49578094.2389873
"1593",2017-02-09,7480,8058380.09787185,1634858.03025452,10102421.971345,981630.827589772,25723830.8390346
"1594",2017-02-10,10336,13025579.211851,2897349.80356618,16372730.0242224,1579737.21785067,41628908.9279871
"1595",2017-02-11,7730,8461944.54369201,1731782.07744862,10610798.1723889,1030394.73618331,27014856.5253686
"1596",2017-02-12,6143,6012115.47988798,1162268.88432955,7528030.25860312,733839.305190227,19181467.2762403
"1597",2017-02-13,5538,5151972.5309246,974203.395912168,6447680.99994696,629391.141974564,16433427.2250641
"1598",2017-02-14,5164,4642207.74031326,866120.187425219,5807956.80857361,567401.275949289,14805417.4234463
"1599",2017-02-15,4873,4257676.66862909,786380.371593254,5325675.9387158,520594.572114469,13577680.9270567
"1600",2017-02-16,4753,4102278.63343973,754613.394184907,5130845.98843407,501667.336238146,13081604.5138266
"1601",2017-02-17,5276,4793054.58017047,897828.286666931,5997216.7357816,585752.088258866,15287119.568375
"1602",2017-02-18,12879,18045616.1279829,4296979.77391656,22734539.1734195,2180246.23961931,57731066.6846181
"1603",2017-02-19,10793,13888673.2904201,3130206.35608966,17464890.7022689,1683241.01481296,44395527.333975
"1604",2017-02-20,7652,8335350.71217369,1701255.95254702,10451303.9813375,1015101.56991185,26609850.7330614
"1605",2017-02-21,12524,17313859.5193463,4086559.17047379,21805836.2976255,2092927.71995817,55382375.801917
"1606",2017-02-22,10073,12536998.9315358,2767124.70912934,15754801.657958,1521094.42633375,40063143.5419358
"1607",2017-02-23,7828,8621867.60924291,1770501.84186067,10812311.9664581,1049709.65938705,27526523.1521032
"1608",2017-02-24,6978,7267522.54484083,1448321.19326775,9106774.34448007,885971.240940255,23194519.21187
"1609",2017-02-25,6234,6145165.88883408,1191959.79043653,7695242.29158068,749979.70794935,19606657.7617239
"1610",2017-02-26,5978,5773287.68438381,1109366.58759089,7227947.3457445,704856.387496215,18418317.3037478
"1611",2017-02-27,5747,5444240.90963915,1037331.0190875,6814646.43404218,664902.198256885,17367041.0895127
"1612",2017-02-28,5485,5078691.05456218,958505.196451326,6355691.48421412,620483.923206951,16199362.7858802
"1613",2017-03-01,5224,4722824.04659111,883036.455089062,5909097.38871841,577209.1594126,15062845.7773299
"1614",2017-03-02,4782,4139661.0744203,762230.614185834,5177710.34989692,506221.075189363,13200935.993939
"1615",2017-03-03,4564,3861366.52604336,705905.06296417,4828885.72909123,472311.163547569,12312635.9905262
"1616",2017-03-04,4415,3674811.30414494,668649.819755699,4595126.97682973,449567.166195088,11717249.442858
"1617",2017-03-05,4417,3677295.46466103,669143.201291154,4598239.28873618,449870.090673075,11725177.1174708
"1618",2017-03-06,4314,3550073.79586817,643970.904136777,4438862.32570828,434354.046371759,11319192.2548776
"1619",2017-03-07,4188,3396438.5123384,613834.892356817,4246434.9461937,415610.190446299,10828961.9141246
"1620",2017-03-08,4124,3319252.74339706,598804.860697649,4149776.5552625,406190.683400436,10582690.7231426
"1621",2017-03-09,3891,3043181.98688384,545663.936378092,3804148.94560115,372485.06060662,9701954.72433162
"1622",2017-03-10,3459,2552503.05466179,453681.371229697,3190201.27924176,312519.24623894,8136972.88915424
"1623",2017-03-11,3349,2432123.71153936,431614.595642562,3039651.97293113,297795.985689198,7753114.21677434
"1624",2017-03-12,3001,2064061.08396046,365401.61178231,2579522.81321988,252750.093687114,6579661.07887955
"1625",2017-03-13,2864,1924669.15604696,340824.598676565,2405334.39629636,235678.856345736,6135333.88324468
"1626",2017-03-14,2797,1857669.50383934,329109.007875052,2321623.40434215,227471.197100033,5921780.81959221
"1627",2017-03-15,2694,1756198.08733716,311485.380211962,2194859.55860414,215037.867626074,5598372.65729613
"1628",2017-03-16,2655,1718266.70107571,304934.165886426,2147478.75212613,210389.267434708,5477484.27445393
"1629",2017-03-17,2546,1613704.1273585,286977.021815509,2016882.28265926,197572.441557839,5144257.0716507
"1630",2017-03-18,2509,1578702.37844646,280998.985943991,1973170.57419595,193281.30541424,5032716.49169228
"1631",2017-03-19,2477,1548634.18019334,275876.577855488,1935621.97863085,189594.704984119,4936899.8689411
"1632",2017-03-20,2446,1519686.96670792,270956.38212901,1899474.87733584,186045.280490729,4844657.27971783
"1633",2017-03-21,2399,1476142.38150754,263575.548176467,1845102.66181199,180705.481501599,4705902.40574968
"1634",2017-03-22,2552,1619403.75017176,287952.029050016,2024000.44386139,198271.166037369,5162420.39716701
"1635",2017-03-23,1792,952981.528432621,176558.756943392,1192108.95728602,116509.793907315,3039138.73322024
"1636",2017-03-24,1135,479493.334151271,98491.7413400962,601316.429149727,58377.4271719536,1530854.95196743
"1637",2017-03-25,1419,671068.762107206,130326.649135078,840366.321394012,81895.7514304213,2141128.5570874
"1638",2017-03-26,1261,561859.433204939,112273.724909692,704102.011239721,68487.5067379228,1793246.14709566
"1639",2017-03-27,1119,469347.08980259,96779.5304676303,588653.396603526,57132.2594042991,1498530.7196234
"1640",2017-03-28,1066,436256.48144909,91167.6320477848,547351.745076713,53071.7960260885,1393106.2603863
"1641",2017-03-29,878,325588.393702275,71984.3351741643,409176.746007681,39499.6863561843,1040472.08333342
"1642",2017-03-30,908,342519.889383169,74971.2705437832,430322.633041184,41575.1267497879,1094429.75082654
"1643",2017-03-31,698,230242.497342276,54640.2454165396,290033.245783738,27823.158977155,736546.572821122
"1644",2017-04-01,274,55764.9463088638,17874.8063462917,71266.5260096243,6577.99087519758,179531.119452406
"1645",2017-04-02,211,37461.1122085449,13034.2073125984,48142.293474859,4377.65524790047,120898.148809932
"1646",2017-04-03,86.5,9583.43269873854,4351.68949692449,12629.3598059942,1073.3389683486,31266.6139034304
"1647",2017-04-04,27.1,1604.86653827394,1002.3893300495,2224.1197870143,164.910413403623,5347.57204607511
"1648",2017-04-05,2.3,34.2956683471932,40.1396786324655,58.4067208782304,2.4455175547166,123.312366367326
"1649",2017-04-06,0,0,0,0,0,0
"1650",2017-04-07,0,0,0,0,0,0
"1651",2017-04-08,389,94978.9350223926,27209.825615188,120610.61569964,11323.9825136549,304922.000769701
"1652",2017-04-09,716,239275.086127252,56330.4103170408,301326.380291033,28928.3244752767,765345.93603882
"1653",2017-04-10,628,196240.593895986,48160.9488707144,247505.976475202,23665.5476468405,628117.219011367
"1654",2017-04-11,472,127354.043547772,34269.9725925134,161237.483480158,15260.5421489624,408317.467643914
"1655",2017-04-12,436,112921.636412002,31177.6397942232,143135.510116566,13504.2032429858,362235.341373608
"1656",2017-04-13,457,121269.807171142,32976.0650085145,153607.828352218,14519.871387301,388892.507470306
"1657",2017-04-14,568,168577.314600602,42726.9519293905,212883.838996791,20286.7669094456,539875.071984772
"1658",2017-04-15,488,133953.157826746,35658.5322211441,169510.461854639,16064.2762781476,429383.590654465
"1659",2017-04-16,475,128582.842077214,34529.6719256013,162778.145046076,15410.1733629774,412240.322760006
"1660",2017-04-17,549,160114.487714697,41029.6191652447,202287.075598824,19253.9573304434,512873.983046584
"1661",2017-04-18,632,198134.3002913,48527.1669234965,249875.235776918,23896.9796673642,634156.947312828
"1662",2017-04-19,619,192002.048824304,47338.7538500507,242202.682678196,23147.6086584847,614598.529594273
"1663",2017-04-20,539,155719.341232312,40140.8821523151,196782.605323328,18717.746937789,498849.813753915
"1664",2017-04-21,388,94608.6263178395,27126.2940344556,120145.46343142,11279.0312227872,303738.831538839
"1665",2017-04-22,334,75353.067965825,22674.1721999938,95939.4043542317,8944.69321118154,242194.208257456
"1666",2017-04-23,248,47914.3896203075,15849.9000139849,61358.7864889803,5632.59663274503,154394.974614989
"1667",2017-04-24,86.7,9617.43385455648,4364.23586962992,12673.1710786418,1077.29084287797,31376.4887929031
"1668",2017-04-25,22.8,1228.5006357999,803.030479435373,1718.92244419285,124.164012415375,4109.51481843534
"1669",2017-04-26,0,0,0,0,0,0
"1670",2017-04-27,0,0,0,0,0,0
"1671",2017-04-28,0,0,0,0,0,0
"1672",2017-04-29,0,0,0,0,0,0
"1673",2017-04-30,0,0,0,0,0,0
"1674",2017-05-01,0,0,0,0,0,0
"1675",2017-05-02,0,0,0,0,0,0
"1676",2017-05-03,0,0,0,0,0,0
"1677",2017-05-04,0,0,0,0,0,0
"1678",2017-05-05,0,0,0,0,0,0
"1679",2017-05-06,0,0,0,0,0,0
"1680",2017-05-07,0,0,0,0,0,0
"1681",2017-05-08,0,0,0,0,0,0
"1682",2017-05-09,0,0,0,0,0,0
"1683",2017-05-10,0,0,0,0,0,0
"1684",2017-05-11,0,0,0,0,0,0
"1685",2017-05-12,0,0,0,0,0,0
"1686",2017-05-13,0,0,0,0,0,0
"1687",2017-05-14,0,0,0,0,0,0
"1688",2017-05-15,0,0,0,0,0,0
"1689",2017-05-16,0,0,0,0,0,0
"1690",2017-05-17,0,0,0,0,0,0
"1691",2017-05-18,0,0,0,0,0,0
"1692",2017-05-19,0,0,0,0,0,0
"1693",2017-05-20,0,0,0,0,0,0
"1694",2017-05-21,0,0,0,0,0,0
"1695",2017-05-22,0,0,0,0,0,0
"1696",2017-05-23,0,0,0,0,0,0
"1697",2017-05-24,0,0,0,0,0,0
"1698",2017-05-25,0,0,0,0,0,0
"1699",2017-05-26,0,0,0,0,0,0
"1700",2017-05-27,0,0,0,0,0,0
"1701",2017-05-28,0,0,0,0,0,0
"1702",2017-05-29,0,0,0,0,0,0
"1703",2017-05-30,0,0,0,0,0,0
"1704",2017-05-31,0,0,0,0,0,0
"1705",2017-06-01,0,0,0,0,0,0
"1706",2017-06-02,0,0,0,0,0,0
"1707",2017-06-03,0,0,0,0,0,0
"1708",2017-06-04,0,0,0,0,0,0
"1709",2017-06-05,0,0,0,0,0,0
"1710",2017-06-06,0,0,0,0,0,0
"1711",2017-06-07,0,0,0,0,0,0
"1712",2017-06-08,0,0,0,0,0,0
"1713",2017-06-09,0,0,0,0,0,0
"1714",2017-06-10,0,0,0,0,0,0
"1715",2017-06-11,0,0,0,0,0,0
"1716",2017-06-12,0,0,0,0,0,0
"1717",2017-06-13,0,0,0,0,0,0
"1718",2017-06-14,0,0,0,0,0,0
"1719",2017-06-15,0,0,0,0,0,0
"1720",2017-06-16,0,0,0,0,0,0
"1721",2017-06-17,0,0,0,0,0,0
"1722",2017-06-18,0,0,0,0,0,0
"1723",2017-06-19,0,0,0,0,0,0
"1724",2017-06-20,0,0,0,0,0,0
"1725",2017-06-21,0,0,0,0,0,0
"1726",2017-06-22,0,0,0,0,0,0
"1727",2017-06-23,0,0,0,0,0,0
"1728",2017-06-24,0,0,0,0,0,0
"1729",2017-06-25,0,0,0,0,0,0
"1730",2017-06-26,0,0,0,0,0,0
"1731",2017-06-27,0,0,0,0,0,0
"1732",2017-06-28,0,0,0,0,0,0
"1733",2017-06-29,0,0,0,0,0,0
"1734",2017-06-30,0,0,0,0,0,0
"1735",2017-07-01,0,0,0,0,0,0
"1736",2017-07-02,0,0,0,0,0,0
"1737",2017-07-03,0,0,0,0,0,0
"1738",2017-07-04,0,0,0,0,0,0
"1739",2017-07-05,0,0,0,0,0,0
"1740",2017-07-06,0,0,0,0,0,0
"1741",2017-07-07,0,0,0,0,0,0
"1742",2017-07-08,0,0,0,0,0,0
"1743",2017-07-09,0,0,0,0,0,0
"1744",2017-07-10,0,0,0,0,0,0
"1745",2017-07-11,0,0,0,0,0,0
"1746",2017-07-12,0,0,0,0,0,0
"1747",2017-07-13,0,0,0,0,0,0
"1748",2017-07-14,0,0,0,0,0,0
"1749",2017-07-15,0,0,0,0,0,0
"1750",2017-07-16,0,0,0,0,0,0
"1751",2017-07-17,0,0,0,0,0,0
"1752",2017-07-18,0,0,0,0,0,0
"1753",2017-07-19,0,0,0,0,0,0
"1754",2017-07-20,0,0,0,0,0,0
"1755",2017-07-21,0,0,0,0,0,0
"1756",2017-07-22,0,0,0,0,0,0
"1757",2017-07-23,0,0,0,0,0,0
"1758",2017-07-24,0,0,0,0,0,0
"1759",2017-07-25,0,0,0,0,0,0
"1760",2017-07-26,0,0,0,0,0,0
"1761",2017-07-27,0,0,0,0,0,0
"1762",2017-07-28,0,0,0,0,0,0
"1763",2017-07-29,0,0,0,0,0,0
"1764",2017-07-30,0,0,0,0,0,0
"1765",2017-07-31,0,0,0,0,0,0
"1766",2017-08-01,0,0,0,0,0,0
"1767",2017-08-02,0,0,0,0,0,0
"1768",2017-08-03,0,0,0,0,0,0
"1769",2017-08-04,0,0,0,0,0,0
"1770",2017-08-05,0,0,0,0,0,0
"1771",2017-08-06,0,0,0,0,0,0
"1772",2017-08-07,0,0,0,0,0,0
"1773",2017-08-08,0,0,0,0,0,0
"1774",2017-08-09,0,0,0,0,0,0
"1775",2017-08-10,0,0,0,0,0,0
"1776",2017-08-11,0,0,0,0,0,0
"1777",2017-08-12,0,0,0,0,0,0
"1778",2017-08-13,0,0,0,0,0,0
"1779",2017-08-14,0,0,0,0,0,0
"1780",2017-08-15,0,0,0,0,0,0
"1781",2017-08-16,0,0,0,0,0,0
"1782",2017-08-17,0,0,0,0,0,0
"1783",2017-08-18,0,0,0,0,0,0
"1784",2017-08-19,0,0,0,0,0,0
"1785",2017-08-20,0,0,0,0,0,0
"1786",2017-08-21,0,0,0,0,0,0
"1787",2017-08-22,0,0,0,0,0,0
"1788",2017-08-23,0,0,0,0,0,0
"1789",2017-08-24,0,0,0,0,0,0
"1790",2017-08-25,0,0,0,0,0,0
"1791",2017-08-26,0,0,0,0,0,0
"1792",2017-08-27,0,0,0,0,0,0
"1793",2017-08-28,0,0,0,0,0,0
"1794",2017-08-29,0,0,0,0,0,0
"1795",2017-08-30,0,0,0,0,0,0
"1796",2017-08-31,0,0,0,0,0,0
"1797",2017-09-01,0,0,0,0,0,0
"1798",2017-09-02,0,0,0,0,0,0
"1799",2017-09-03,0,0,0,0,0,0
"1800",2017-09-04,0,0,0,0,0,0
"1801",2017-09-05,0,0,0,0,0,0
"1802",2017-09-06,0,0,0,0,0,0
"1803",2017-09-07,0,0,0,0,0,0
"1804",2017-09-08,0,0,0,0,0,0
"1805",2017-09-09,0,0,0,0,0,0
"1806",2017-09-10,0,0,0,0,0,0
"1807",2017-09-11,0,0,0,0,0,0
"1808",2017-09-12,0,0,0,0,0,0
"1809",2017-09-13,0,0,0,0,0,0
"1810",2017-09-14,0,0,0,0,0,0
"1811",2017-09-15,0,0,0,0,0,0
"1812",2017-09-16,0,0,0,0,0,0
"1813",2017-09-17,0,0,0,0,0,0
"1814",2017-09-18,0,0,0,0,0,0
"1815",2017-09-19,0,0,0,0,0,0
"1816",2017-09-20,0,0,0,0,0,0
"1817",2017-09-21,0,0,0,0,0,0
"1818",2017-09-22,0,0,0,0,0,0
"1819",2017-09-23,0,0,0,0,0,0
"1820",2017-09-24,0,0,0,0,0,0
"1821",2017-09-25,0,0,0,0,0,0
"1822",2017-09-26,0,0,0,0,0,0
"1823",2017-09-27,0,0,0,0,0,0
"1824",2017-09-28,0,0,0,0,0,0
"1825",2017-09-29,0,0,0,0,0,0
"1826",2017-09-30,0,0,0,0,0,0
"1827",2017-10-01,0,0,0,0,0,0
"1828",2017-10-02,0,0,0,0,0,0
"1829",2017-10-03,0,0,0,0,0,0
"1830",2017-10-04,0,0,0,0,0,0
"1831",2017-10-05,0,0,0,0,0,0
"1832",2017-10-06,0,0,0,0,0,0
"1833",2017-10-07,0,0,0,0,0,0
"1834",2017-10-08,0,0,0,0,0,0
"1835",2017-10-09,0,0,0,0,0,0
"1836",2017-10-10,0,0,0,0,0,0
"1837",2017-10-11,0,0,0,0,0,0
"1838",2017-10-12,0,0,0,0,0,0
"1839",2017-10-13,0,0,0,0,0,0
"1840",2017-10-14,0,0,0,0,0,0
"1841",2017-10-15,0,0,0,0,0,0
"1842",2017-10-16,0,0,0,0,0,0
"1843",2017-10-17,0,0,0,0,0,0
"1844",2017-10-18,0,0,0,0,0,0
"1845",2017-10-19,0,0,0,0,0,0
"1846",2017-10-20,0,0,0,0,0,0
"1847",2017-10-21,0,0,0,0,0,0
"1848",2017-10-22,0,0,0,0,0,0
"1849",2017-10-23,0,0,0,0,0,0
"1850",2017-10-24,0,0,0,0,0,0
"1851",2017-10-25,0,0,0,0,0,0
"1852",2017-10-26,0,0,0,0,0,0
"1853",2017-10-27,0,0,0,0,0,0
"1854",2017-10-28,0,0,0,0,0,0
"1855",2017-10-29,0,0,0,0,0,0
"1856",2017-10-30,0,0,0,0,0,0
"1857",2017-10-31,0,0,0,0,0,0
"1858",2017-11-01,0,0,0,0,0,0
"1859",2017-11-02,0,0,0,0,0,0
"1860",2017-11-03,0,0,0,0,0,0
"1861",2017-11-04,0,0,0,0,0,0
"1862",2017-11-05,0,0,0,0,0,0
"1863",2017-11-06,0,0,0,0,0,0
"1864",2017-11-07,0,0,0,0,0,0
"1865",2017-11-08,0,0,0,0,0,0
"1866",2017-11-09,0,0,0,0,0,0
"1867",2017-11-10,0,0,0,0,0,0
"1868",2017-11-11,0,0,0,0,0,0
"1869",2017-11-12,0,0,0,0,0,0
"1870",2017-11-13,0,0,0,0,0,0
"1871",2017-11-14,0,0,0,0,0,0
"1872",2017-11-15,0,0,0,0,0,0
"1873",2017-11-16,0,0,0,0,0,0
"1874",2017-11-17,0,0,0,0,0,0
"1875",2017-11-18,0,0,0,0,0,0
"1876",2017-11-19,0,0,0,0,0,0
"1877",2017-11-20,0,0,0,0,0,0
"1878",2017-11-21,0,0,0,0,0,0
"1879",2017-11-22,0,0,0,0,0,0
"1880",2017-11-23,0,0,0,0,0,0
"1881",2017-11-24,0,0,0,0,0,0
"1882",2017-11-25,0,0,0,0,0,0
"1883",2017-11-26,0,0,0,0,0,0
"1884",2017-11-27,0,0,0,0,0,0
"1885",2017-11-28,0,0,0,0,0,0
"1886",2017-11-29,0,0,0,0,0,0
"1887",2017-11-30,0,0,0,0,0,0
"1888",2017-12-01,0,0,0,0,0,0
"1889",2017-12-02,0,0,0,0,0,0
"1890",2017-12-03,0,0,0,0,0,0
"1891",2017-12-04,0,0,0,0,0,0
"1892",2017-12-05,0,0,0,0,0,0
"1893",2017-12-06,0,0,0,0,0,0
"1894",2017-12-07,0,0,0,0,0,0
"1895",2017-12-08,0,0,0,0,0,0
"1896",2017-12-09,0,0,0,0,0,0
"1897",2017-12-10,0,0,0,0,0,0
"1898",2017-12-11,0,0,0,0,0,0
"1899",2017-12-12,0,0,0,0,0,0
"1900",2017-12-13,0,0,0,0,0,0
"1901",2017-12-14,0,0,0,0,0,0
"1902",2017-12-15,0,0,0,0,0,0
"1903",2017-12-16,0,0,0,0,0,0
"1904",2017-12-17,0,0,0,0,0,0
"1905",2017-12-18,0,0,0,0,0,0
"1906",2017-12-19,0,0,0,0,0,0
"1907",2017-12-20,0,0,0,0,0,0
"1908",2017-12-21,0,0,0,0,0,0
"1909",2017-12-22,0,0,0,0,0,0
"1910",2017-12-23,0,0,0,0,0,0
"1911",2017-12-24,0,0,0,0,0,0
"1912",2017-12-25,0,0,0,0,0,0
"1913",2017-12-26,0,0,0,0,0,0
"1914",2017-12-27,0,0,0,0,0,0
"1915",2017-12-28,0,0,0,0,0,0
"1916",2017-12-29,0,0,0,0,0,0
"1917",2017-12-30,0,0,0,0,0,0
"1918",2017-12-31,0,0,0,0,0,0
"1919",2018-01-01,0,0,0,0,0,0
"1920",2018-01-02,0,0,0,0,0,0
"1921",2018-01-03,0,0,0,0,0,0
"1922",2018-01-04,0,0,0,0,0,0
"1923",2018-01-05,0,0,0,0,0,0
"1924",2018-01-06,0,0,0,0,0,0
"1925",2018-01-07,0,0,0,0,0,0
"1926",2018-01-08,0,0,0,0,0,0
"1927",2018-01-09,0,0,0,0,0,0
"1928",2018-01-10,0,0,0,0,0,0
"1929",2018-01-11,0,0,0,0,0,0
"1930",2018-01-12,0,0,0,0,0,0
"1931",2018-01-13,0,0,0,0,0,0
"1932",2018-01-14,0,0,0,0,0,0
"1933",2018-01-15,0,0,0,0,0,0
"1934",2018-01-16,0,0,0,0,0,0
"1935",2018-01-17,0,0,0,0,0,0
"1936",2018-01-18,0,0,0,0,0,0
"1937",2018-01-19,0,0,0,0,0,0
"1938",2018-01-20,0,0,0,0,0,0
"1939",2018-01-21,0,0,0,0,0,0
"1940",2018-01-22,0,0,0,0,0,0
"1941",2018-01-23,0,0,0,0,0,0
"1942",2018-01-24,0,0,0,0,0,0
"1943",2018-01-25,0,0,0,0,0,0
"1944",2018-01-26,0,0,0,0,0,0
"1945",2018-01-27,0,0,0,0,0,0
"1946",2018-01-28,0,0,0,0,0,0
"1947",2018-01-29,0,0,0,0,0,0
"1948",2018-01-30,0,0,0,0,0,0
"1949",2018-01-31,0,0,0,0,0,0
"1950",2018-02-01,0,0,0,0,0,0
"1951",2018-02-02,0,0,0,0,0,0
"1952",2018-02-03,0,0,0,0,0,0
"1953",2018-02-04,0,0,0,0,0,0
"1954",2018-02-05,0,0,0,0,0,0
"1955",2018-02-06,0,0,0,0,0,0
"1956",2018-02-07,0,0,0,0,0,0
"1957",2018-02-08,0,0,0,0,0,0
"1958",2018-02-09,0,0,0,0,0,0
"1959",2018-02-10,0,0,0,0,0,0
"1960",2018-02-11,0,0,0,0,0,0
"1961",2018-02-12,0,0,0,0,0,0
"1962",2018-02-13,0,0,0,0,0,0
"1963",2018-02-14,0,0,0,0,0,0
"1964",2018-02-15,0,0,0,0,0,0
"1965",2018-02-16,0,0,0,0,0,0
"1966",2018-02-17,0,0,0,0,0,0
"1967",2018-02-18,0,0,0,0,0,0
"1968",2018-02-19,0,0,0,0,0,0
"1969",2018-02-20,0,0,0,0,0,0
"1970",2018-02-21,0,0,0,0,0,0
"1971",2018-02-22,0,0,0,0,0,0
"1972",2018-02-23,0,0,0,0,0,0
"1973",2018-02-24,0,0,0,0,0,0
"1974",2018-02-25,0,0,0,0,0,0
"1975",2018-02-26,0,0,0,0,0,0
"1976",2018-02-27,0,0,0,0,0,0
"1977",2018-02-28,0,0,0,0,0,0
"1978",2018-03-01,0,0,0,0,0,0
"1979",2018-03-02,0,0,0,0,0,0
"1980",2018-03-03,0,0,0,0,0,0
"1981",2018-03-04,0,0,0,0,0,0
"1982",2018-03-05,0,0,0,0,0,0
"1983",2018-03-06,0,0,0,0,0,0
"1984",2018-03-07,0,0,0,0,0,0
"1985",2018-03-08,0,0,0,0,0,0
"1986",2018-03-09,0,0,0,0,0,0
"1987",2018-03-10,0,0,0,0,0,0
"1988",2018-03-11,0,0,0,0,0,0
"1989",2018-03-12,0,0,0,0,0,0
"1990",2018-03-13,0,0,0,0,0,0
"1991",2018-03-14,0,0,0,0,0,0
"1992",2018-03-15,0,0,0,0,0,0
"1993",2018-03-16,0,0,0,0,0,0
"1994",2018-03-17,0,0,0,0,0,0
"1995",2018-03-18,0,0,0,0,0,0
"1996",2018-03-19,0,0,0,0,0,0
"1997",2018-03-20,0,0,0,0,0,0
"1998",2018-03-21,0,0,0,0,0,0
"1999",2018-03-22,0,0,0,0,0,0
"2000",2018-03-23,0,0,0,0,0,0
"2001",2018-03-24,0,0,0,0,0,0
"2002",2018-03-25,0,0,0,0,0,0
"2003",2018-03-26,0,0,0,0,0,0
"2004",2018-03-27,0,0,0,0,0,0
"2005",2018-03-28,0,0,0,0,0,0
"2006",2018-03-29,0,0,0,0,0,0
"2007",2018-03-30,0,0,0,0,0,0
"2008",2018-03-31,0,0,0,0,0,0
"2009",2018-04-01,0,0,0,0,0,0
"2010",2018-04-02,0,0,0,0,0,0
"2011",2018-04-03,0,0,0,0,0,0
"2012",2018-04-04,0,0,0,0,0,0
"2013",2018-04-05,0,0,0,0,0,0
"2014",2018-04-06,0,0,0,0,0,0
"2015",2018-04-07,0,0,0,0,0,0
"2016",2018-04-08,0,0,0,0,0,0
"2017",2018-04-09,0,0,0,0,0,0
"2018",2018-04-10,0,0,0,0,0,0
"2019",2018-04-11,0,0,0,0,0,0
"2020",2018-04-12,0,0,0,0,0,0
"2021",2018-04-13,0,0,0,0,0,0
"2022",2018-04-14,0,0,0,0,0,0
"2023",2018-04-15,0,0,0,0,0,0
"2024",2018-04-16,0,0,0,0,0,0
"2025",2018-04-17,0,0,0,0,0,0
"2026",2018-04-18,0,0,0,0,0,0
"2027",2018-04-19,0,0,0,0,0,0
"2028",2018-04-20,0,0,0,0,0,0
"2029",2018-04-21,0,0,0,0,0,0
"2030",2018-04-22,0,0,0,0,0,0
"2031",2018-04-23,0,0,0,0,0,0
"2032",2018-04-24,0,0,0,0,0,0
"2033",2018-04-25,0,0,0,0,0,0
"2034",2018-04-26,0,0,0,0,0,0
"2035",2018-04-27,0,0,0,0,0,0
"2036",2018-04-28,0,0,0,0,0,0
"2037",2018-04-29,0,0,0,0,0,0
"2038",2018-04-30,0,0,0,0,0,0
"2039",2018-05-01,0,0,0,0,0,0
"2040",2018-05-02,0,0,0,0,0,0
"2041",2018-05-03,0,0,0,0,0,0
"2042",2018-05-04,0,0,0,0,0,0
"2043",2018-05-05,0,0,0,0,0,0
"2044",2018-05-06,0,0,0,0,0,0
"2045",2018-05-07,0,0,0,0,0,0
"2046",2018-05-08,0,0,0,0,0,0
"2047",2018-05-09,0,0,0,0,0,0
"2048",2018-05-10,0,0,0,0,0,0
"2049",2018-05-11,0,0,0,0,0,0
"2050",2018-05-12,0,0,0,0,0,0
"2051",2018-05-13,0,0,0,0,0,0
"2052",2018-05-14,0,0,0,0,0,0
"2053",2018-05-15,0,0,0,0,0,0
"2054",2018-05-16,0,0,0,0,0,0
"2055",2018-05-17,0,0,0,0,0,0
"2056",2018-05-18,0,0,0,0,0,0
"2057",2018-05-19,0,0,0,0,0,0
"2058",2018-05-20,0,0,0,0,0,0
"2059",2018-05-21,0,0,0,0,0,0
"2060",2018-05-22,0,0,0,0,0,0
"2061",2018-05-23,0,0,0,0,0,0
"2062",2018-05-24,0,0,0,0,0,0
"2063",2018-05-25,0,0,0,0,0,0
"2064",2018-05-26,0,0,0,0,0,0
"2065",2018-05-27,0,0,0,0,0,0
"2066",2018-05-28,0,0,0,0,0,0
"2067",2018-05-29,0,0,0,0,0,0
"2068",2018-05-30,0,0,0,0,0,0
"2069",2018-05-31,0,0,0,0,0,0
"2070",2018-06-01,0,0,0,0,0,0
"2071",2018-06-02,0,0,0,0,0,0
"2072",2018-06-03,0,0,0,0,0,0
"2073",2018-06-04,0,0,0,0,0,0
"2074",2018-06-05,0,0,0,0,0,0
"2075",2018-06-06,0,0,0,0,0,0
"2076",2018-06-07,0,0,0,0,0,0
"2077",2018-06-08,0,0,0,0,0,0
"2078",2018-06-09,0,0,0,0,0,0
"2079",2018-06-10,0,0,0,0,0,0
"2080",2018-06-11,0,0,0,0,0,0
"2081",2018-06-12,0,0,0,0,0,0
"2082",2018-06-13,0,0,0,0,0,0
"2083",2018-06-14,0,0,0,0,0,0
"2084",2018-06-15,0,0,0,0,0,0
"2085",2018-06-16,0,0,0,0,0,0
"2086",2018-06-17,0,0,0,0,0,0
"2087",2018-06-18,0,0,0,0,0,0
"2088",2018-06-19,0,0,0,0,0,0
"2089",2018-06-20,0,0,0,0,0,0
"2090",2018-06-21,0,0,0,0,0,0
"2091",2018-06-22,0,0,0,0,0,0
"2092",2018-06-23,0,0,0,0,0,0
"2093",2018-06-24,0,0,0,0,0,0
"2094",2018-06-25,0,0,0,0,0,0
"2095",2018-06-26,0,0,0,0,0,0
"2096",2018-06-27,0,0,0,0,0,0
"2097",2018-06-28,0,0,0,0,0,0
"2098",2018-06-29,0,0,0,0,0,0
"2099",2018-06-30,0,0,0,0,0,0
"2100",2018-07-01,0,0,0,0,0,0
"2101",2018-07-02,0,0,0,0,0,0
"2102",2018-07-03,0,0,0,0,0,0
"2103",2018-07-04,0,0,0,0,0,0
"2104",2018-07-05,0,0,0,0,0,0
"2105",2018-07-06,0,0,0,0,0,0
"2106",2018-07-07,0,0,0,0,0,0
"2107",2018-07-08,0,0,0,0,0,0
"2108",2018-07-09,0,0,0,0,0,0
"2109",2018-07-10,0,0,0,0,0,0
"2110",2018-07-11,0,0,0,0,0,0
"2111",2018-07-12,0,0,0,0,0,0
"2112",2018-07-13,0,0,0,0,0,0
"2113",2018-07-14,0,0,0,0,0,0
"2114",2018-07-15,0,0,0,0,0,0
"2115",2018-07-16,0,0,0,0,0,0
"2116",2018-07-17,0,0,0,0,0,0
"2117",2018-07-18,0,0,0,0,0,0
"2118",2018-07-19,0,0,0,0,0,0
"2119",2018-07-20,0,0,0,0,0,0
"2120",2018-07-21,0,0,0,0,0,0
"2121",2018-07-22,0,0,0,0,0,0
"2122",2018-07-23,0,0,0,0,0,0
"2123",2018-07-24,0,0,0,0,0,0
"2124",2018-07-25,0,0,0,0,0,0
"2125",2018-07-26,0,0,0,0,0,0
"2126",2018-07-27,0,0,0,0,0,0
"2127",2018-07-28,0,0,0,0,0,0
"2128",2018-07-29,0,0,0,0,0,0
"2129",2018-07-30,0,0,0,0,0,0
"2130",2018-07-31,0,0,0,0,0,0
"2131",2018-08-01,0,0,0,0,0,0
"2132",2018-08-02,0,0,0,0,0,0
"2133",2018-08-03,0,0,0,0,0,0
"2134",2018-08-04,0,0,0,0,0,0
"2135",2018-08-05,0,0,0,0,0,0
"2136",2018-08-06,0,0,0,0,0,0
"2137",2018-08-07,0,0,0,0,0,0
"2138",2018-08-08,0,0,0,0,0,0
"2139",2018-08-09,0,0,0,0,0,0
"2140",2018-08-10,0,0,0,0,0,0
"2141",2018-08-11,0,0,0,0,0,0
"2142",2018-08-12,0,0,0,0,0,0
"2143",2018-08-13,0,0,0,0,0,0
"2144",2018-08-14,0,0,0,0,0,0
"2145",2018-08-15,0,0,0,0,0,0
"2146",2018-08-16,0,0,0,0,0,0
"2147",2018-08-17,0,0,0,0,0,0
"2148",2018-08-18,0,0,0,0,0,0
"2149",2018-08-19,0,0,0,0,0,0
"2150",2018-08-20,0,0,0,0,0,0
"2151",2018-08-21,0,0,0,0,0,0
"2152",2018-08-22,0,0,0,0,0,0
"2153",2018-08-23,0,0,0,0,0,0
"2154",2018-08-24,0,0,0,0,0,0
"2155",2018-08-25,0,0,0,0,0,0
"2156",2018-08-26,0,0,0,0,0,0
"2157",2018-08-27,0,0,0,0,0,0
"2158",2018-08-28,0,0,0,0,0,0
"2159",2018-08-29,0,0,0,0,0,0
"2160",2018-08-30,0,0,0,0,0,0
"2161",2018-08-31,0,0,0,0,0,0
"2162",2018-09-01,0,0,0,0,0,0
"2163",2018-09-02,0,0,0,0,0,0
"2164",2018-09-03,0,0,0,0,0,0
"2165",2018-09-04,0,0,0,0,0,0
"2166",2018-09-05,0,0,0,0,0,0
"2167",2018-09-06,0,0,0,0,0,0
"2168",2018-09-07,0,0,0,0,0,0
"2169",2018-09-08,0,0,0,0,0,0
"2170",2018-09-09,0,0,0,0,0,0
"2171",2018-09-10,0,0,0,0,0,0
"2172",2018-09-11,0,0,0,0,0,0
"2173",2018-09-12,0,0,0,0,0,0
"2174",2018-09-13,0,0,0,0,0,0
"2175",2018-09-14,0,0,0,0,0,0
"2176",2018-09-15,0,0,0,0,0,0
"2177",2018-09-16,0,0,0,0,0,0
"2178",2018-09-17,0,0,0,0,0,0
"2179",2018-09-18,0,0,0,0,0,0
"2180",2018-09-19,0,0,0,0,0,0
"2181",2018-09-20,0,0,0,0,0,0
"2182",2018-09-21,0,0,0,0,0,0
"2183",2018-09-22,0,0,0,0,0,0
"2184",2018-09-23,0,0,0,0,0,0
"2185",2018-09-24,0,0,0,0,0,0
"2186",2018-09-25,0,0,0,0,0,0
"2187",2018-09-26,0,0,0,0,0,0
"2188",2018-09-27,0,0,0,0,0,0
"2189",2018-09-28,0,0,0,0,0,0
"2190",2018-09-29,0,0,0,0,0,0
"2191",2018-09-30,0,0,0,0,0,0
"2192",2018-10-01,0,0,0,0,0,0
"2193",2018-10-02,0,0,0,0,0,0
"2194",2018-10-03,0,0,0,0,0,0
"2195",2018-10-04,0,0,0,0,0,0
"2196",2018-10-05,0,0,0,0,0,0
"2197",2018-10-06,0,0,0,0,0,0
"2198",2018-10-07,0,0,0,0,0,0
"2199",2018-10-08,0,0,0,0,0,0
"2200",2018-10-09,0,0,0,0,0,0
"2201",2018-10-10,0,0,0,0,0,0
"2202",2018-10-11,0,0,0,0,0,0
"2203",2018-10-12,0,0,0,0,0,0
"2204",2018-10-13,0,0,0,0,0,0
"2205",2018-10-14,0,0,0,0,0,0
"2206",2018-10-15,0,0,0,0,0,0
"2207",2018-10-16,0,0,0,0,0,0
"2208",2018-10-17,0,0,0,0,0,0
"2209",2018-10-18,0,0,0,0,0,0
"2210",2018-10-19,0,0,0,0,0,0
"2211",2018-10-20,0,0,0,0,0,0
"2212",2018-10-21,0,0,0,0,0,0
"2213",2018-10-22,0,0,0,0,0,0
"2214",2018-10-23,0,0,0,0,0,0
"2215",2018-10-24,0,0,0,0,0,0
"2216",2018-10-25,0,0,0,0,0,0
"2217",2018-10-26,0,0,0,0,0,0
"2218",2018-10-27,0,0,0,0,0,0
"2219",2018-10-28,0,0,0,0,0,0
"2220",2018-10-29,0,0,0,0,0,0
"2221",2018-10-30,0,0,0,0,0,0
"2222",2018-10-31,0,0,0,0,0,0
"2223",2018-11-01,0,0,0,0,0,0
"2224",2018-11-02,0,0,0,0,0,0
"2225",2018-11-03,0,0,0,0,0,0
"2226",2018-11-04,0,0,0,0,0,0
"2227",2018-11-05,0,0,0,0,0,0
"2228",2018-11-06,0,0,0,0,0,0
"2229",2018-11-07,0,0,0,0,0,0
"2230",2018-11-08,0,0,0,0,0,0
"2231",2018-11-09,0,0,0,0,0,0
"2232",2018-11-10,0,0,0,0,0,0
"2233",2018-11-11,0,0,0,0,0,0
"2234",2018-11-12,0,0,0,0,0,0
"2235",2018-11-13,0,0,0,0,0,0
"2236",2018-11-14,0,0,0,0,0,0
"2237",2018-11-15,0,0,0,0,0,0
"2238",2018-11-16,0,0,0,0,0,0
"2239",2018-11-17,0,0,0,0,0,0
"2240",2018-11-18,0,0,0,0,0,0
"2241",2018-11-19,0,0,0,0,0,0
"2242",2018-11-20,0,0,0,0,0,0
"2243",2018-11-21,0,0,0,0,0,0
"2244",2018-11-22,0,0,0,0,0,0
"2245",2018-11-23,0,0,0,0,0,0
"2246",2018-11-24,0,0,0,0,0,0
"2247",2018-11-25,0,0,0,0,0,0
"2248",2018-11-26,0,0,0,0,0,0
"2249",2018-11-27,0,0,0,0,0,0
"2250",2018-11-28,0,0,0,0,0,0
"2251",2018-11-29,0,0,0,0,0,0
"2252",2018-11-30,0,0,0,0,0,0
"2253",2018-12-01,0,0,0,0,0,0
"2254",2018-12-02,0,0,0,0,0,0
"2255",2018-12-03,0,0,0,0,0,0
"2256",2018-12-04,0,0,0,0,0,0
"2257",2018-12-05,0,0,0,0,0,0
"2258",2018-12-06,0,0,0,0,0,0
"2259",2018-12-07,0,0,0,0,0,0
"2260",2018-12-08,0,0,0,0,0,0
"2261",2018-12-09,0,0,0,0,0,0
"2262",2018-12-10,0,0,0,0,0,0
"2263",2018-12-11,0,0,0,0,0,0
"2264",2018-12-12,0,0,0,0,0,0
"2265",2018-12-13,0,0,0,0,0,0
"2266",2018-12-14,0,0,0,0,0,0
"2267",2018-12-15,0,0,0,0,0,0
"2268",2018-12-16,0,0,0,0,0,0
"2269",2018-12-17,0,0,0,0,0,0
"2270",2018-12-18,0,0,0,0,0,0
"2271",2018-12-19,0,0,0,0,0,0
"2272",2018-12-20,0,0,0,0,0,0
"2273",2018-12-21,0,0,0,0,0,0
"2274",2018-12-22,0,0,0,0,0,0
"2275",2018-12-23,0,0,0,0,0,0
"2276",2018-12-24,0,0,0,0,0,0
"2277",2018-12-25,0,0,0,0,0,0
"2278",2018-12-26,0,0,0,0,0,0
"2279",2018-12-27,0,0,0,0,0,0
"2280",2018-12-28,0,0,0,0,0,0
"2281",2018-12-29,0,0,0,0,0,0
"2282",2018-12-30,0,0,0,0,0,0
"2283",2018-12-31,0,0,0,0,0,0
"2284",2019-01-01,0,0,0,0,0,0
"2285",2019-01-02,0,0,0,0,0,0
"2286",2019-01-03,0,0,0,0,0,0
"2287",2019-01-04,0,0,0,0,0,0
"2288",2019-01-05,0,0,0,0,0,0
"2289",2019-01-06,0,0,0,0,0,0
"2290",2019-01-07,0,0,0,0,0,0
"2291",2019-01-08,0,0,0,0,0,0
"2292",2019-01-09,0,0,0,0,0,0
"2293",2019-01-10,0,0,0,0,0,0
"2294",2019-01-11,0,0,0,0,0,0
"2295",2019-01-12,0,0,0,0,0,0
"2296",2019-01-13,0,0,0,0,0,0
"2297",2019-01-14,0,0,0,0,0,0
"2298",2019-01-15,0,0,0,0,0,0
"2299",2019-01-16,0,0,0,0,0,0
"2300",2019-01-17,4895,4286369.16572187,792275.068401771,5361653.61631922,524088.538209634,13669280.9867581
"2301",2019-01-18,6375,6353171.52992351,1238684.62193088,7956706.45548552,775204.61306077,20271441.8958854
"2302",2019-01-19,3020,2083643.14325047,368876.243744054,2603996.27070213,255147.786766195,6642084.6099263
"2303",2019-01-20,2044,1161045.77153298,210846.338825228,1451756.95321552,142049.171678675,3701962.23813049
"2304",2019-01-21,1762,929124.958821481,172644.786476559,1162341.20396305,113580.912745336,2963143.46374658
"2305",2019-01-22,1959,1089361.40506731,198996.01122848,1362293.79128529,133251.164080431,3473592.15499126
"2306",2019-01-23,1614,814397.052150016,153843.98418424,1019192.80522064,99494.6418477891,2597684.52945508
"2307",2019-01-24,1327,606697.575284461,119708.56556108,760049.883337492,73992.2366390701,1936078.5003818
"2308",2019-01-25,1139,482041.116255364,98921.1117329084,604496.133176909,58690.1060235656,1538971.69052052
"2309",2019-01-26,991,390824.204149912,83381.0607690617,490637.205101697,47498.3899457096,1248351.91737466
"2310",2019-01-27,901,338543.709340185,74271.8313127497,425356.988098524,41087.6918985684,1081758.64801244
"2311",2019-01-28,548,159673.13148273,40940.6022569976,201734.356235196,19200.1059980393,511465.728971166
"2312",2019-01-29,0,0,0,0,0,0
"2313",2019-01-30,0,0,0,0,0,0
"2314",2019-01-31,0,0,0,0,0,0
"2315",2019-02-01,0,0,0,0,0,0
"2316",2019-02-02,0,0,0,0,0,0
"2317",2019-02-03,0,0,0,0,0,0
"2318",2019-02-04,0,0,0,0,0,0
"2319",2019-02-05,799,282393.878122584,64250.90952763,355216.955718704,34207.2570634437,902802.94305355
"2320",2019-02-06,405,100969.609099714,28551.4593782844,128133.986782201,12051.4506631851,324060.869135402
"2321",2019-02-07,143,20689.1030609851,8106.52453910647,26848.1854505667,2378.35953261525,67053.3540490959
"2322",2019-02-08,54.1,4660.68517050958,2415.23197200675,6251.28986128036,506.555274618783,15320.1946195197
"2323",2019-02-09,8.4,260.541191806967,220.168341197997,390.341351281826,23.3687838121489,895.276806261888
"2324",2019-02-10,0,0,0,0,0,0
"2325",2019-02-11,0,0,0,0,0,0
"2326",2019-02-12,0,0,0,0,0,0
"2327",2019-02-13,16.8,765.404131922398,541.729004593866,1090.91604676299,74.9204082966735,2579.49366403623
"2328",2019-02-14,11687,15627505.7393964,3609575.87385011,19667324.1624782,1891428.52338391,49971667.024056
"2329",2019-02-15,11873,15997453.3672254,3713234.43318705,20136255.8077863,1935666.07828894,51158418.7978482
"2330",2019-02-16,5658,5319143.90550861,1010210.59552965,6657561.22411179,649705.361966789,16967416.2613236
"2331",2019-02-17,3894,3046686.70678587,546332.422361574,3808535.79004905,372913.100363747,9713134.64894409
"2332",2019-02-18,3151,2220288.00848379,393273.312868324,2774795.00485623,271875.553428067,7077704.35909746
"2333",2019-02-19,2525,1593807.39411613,283576.800452624,1992034.0859239,195133.193802167,5080851.5340177
"2334",2019-02-20,2123,1229002.84305142,222125.159059738,1536575.70541693,150388.533662762,3918466.30066369
"2335",2019-02-21,2288,1374967.55362966,246518.842754524,1718783.68297228,168296.367946797,4383524.16106689
"2336",2019-02-22,1977,1104415.98205104,201481.015209613,1381081.5023933,135098.952602402,3521551.90244699
"2337",2019-02-23,1856,1004536.30392509,185026.549308965,1256440.09043163,122838.857818743,3203369.20746602
"2338",2019-02-24,1810,967390.791170296,178924.03302628,1210088.83726978,118278.779095564,3085039.86511553
"2339",2019-02-25,1772,937055.001034173,173945.542681824,1172236.0890716,114554.497594196,2988404.59682468
"2340",2019-02-26,4489,3767087.62384023,687026.183441763,4710743.95513988,460818.35322614,12011738.3060476
"2341",2019-02-27,14749,22055768.2759118,5483663.31968619,27831419.8744318,2657591.88071743,70610606.4126541
"2342",2019-02-28,13087,18478841.9634784,4422494.15634791,23284568.9314237,2231909.46493748,59121804.1172175
"2343",2019-03-01,6484,6515496.88374449,1275403.6282263,8160793.45132346,794882.873207264,20790281.1709359
"2344",2019-03-02,5719,5404783.06668781,1028760.68536066,6765096.32103996,660109.266814666,17240989.2717384
"2345",2019-03-03,6214,6115843.33353397,1185403.01263962,7658388.73844797,746422.936261553,19512948.8637586
"2346",2019-03-04,5163,4640867.95278653,865839.623349588,5806276.01205238,567238.261015116,14801139.2439149
"2347",2019-03-05,4577,3877785.05884871,709203.409296627,4849461.55588125,474312.357761527,12365038.7116805
"2348",2019-03-06,5504,5104922.64831648,964118.39579027,6388618.76818871,623672.480132407,16283146.6057027
"2349",2019-03-07,8076,9030853.2971494,1870303.28730987,11327803.8845798,1099082.53224628,28835215.3462488
"2350",2019-03-08,5544,5160289.95877586,975988.470713155,6458122.32187402,630402.021889023,16459994.0848279
"2351",2019-03-09,4873,4257676.66862909,786380.371593254,5325675.9387158,520594.572114469,13577680.9270567
"2352",2019-03-10,4988,4408348.68218521,817435.488834012,5514619.98331784,538939.793962986,14058715.1682577
"2353",2019-03-11,5020,4450576.26519614,826183.250850629,5567580.6241439,544080.138479627,14193538.4156781
"2354",2019-03-12,4581,3882841.4669768,710219.830463539,4855798.37980272,474928.649049035,12381177.262973
"2355",2019-03-13,4269,3494950.46439849,633124.985433739,4369815.67926075,427629.682356957,11143295.1786956
"2356",2019-03-14,3580,2687092.30864286,478588.941482464,3358555.62282424,328974.970315995,8566181.76217759
"2357",2019-03-15,3439,2530475.01287288,449628.432247966,3162650.3400928,309825.407155804,8066728.71022328
"2358",2019-03-16,3290,2368343.19814538,420004.516371549,2959898.16005581,289993.271401728,7549747.85882039
"2359",2019-03-17,3167,2237170.90786128,396305.938246433,2795900.31491623,273941.897870568,7131529.49178533
"2360",2019-03-18,3073,2138585.09252872,378654.069419764,2672666.2587192,261874.394030237,6817232.78488352
"2361",2019-03-19,2972,2034289.48276332,360129.342728826,2542316.04236083,249104.5186435,6484757.08443817
"2362",2019-03-20,2953,2014860.78371196,356695.462831222,2518036.1709406,246725.29045048,6422824.61827283
"2363",2019-03-21,2997,2059946.25361134,364672.167663253,2574380.23800453,252246.244101403,6566543.96704781
"2364",2019-03-22,2864,1924669.15604696,340824.598676565,2405334.39629636,235678.856345736,6135333.88324468
"2365",2019-03-23,3109,2176169.73864978,385367.451271693,2719645.45351324,266475.357906736,6937051.97891455
"2366",2019-03-24,2962,2024056.25183627,358320.029035965,2529527.57096481,247851.37798728,6452136.71640999
"2367",2019-03-25,2561,1627965.52172908,289417.472446886,2034693.21182743,199320.745917111,5189704.83620668
"2368",2019-03-26,2663,1726025.36978995,306272.567037654,2157170.02024268,211340.152164854,5502211.10484725
"2369",2019-03-27,2700,1762057.71784798,312499.184709359,2202179.18614047,215755.94085694,5617047.75086813
"2370",2019-03-28,3903,3057208.74544594,548340.342342577,3821706.3255455,374198.159077335,9746699.71576649
"2371",2019-03-29,3807,2945585.33695077,527112.903516949,3681996.98842529,360563.818864705,9390635.77453041
"2372",2019-03-30,3252,2327558.22642304,412610.139212621,2908903.17093632,285003.069979485,7419708.40334756
"2373",2019-03-31,2932,1993458.01830964,352918.858503896,2491290.2015492,244104.1763061,6354600.45782741
"2374",2019-04-01,2796,1856675.40473894,328935.654067361,2320381.42017785,227349.405967747,5918612.32900992
"2375",2019-04-02,2693,1755222.10375963,311316.566556528,2193640.40363411,214918.263842274,5595262.12999618
"2376",2019-04-03,2567,1633681.5823828,290396.390905853,2041832.06007887,200021.459745268,5207920.72515727
"2377",2019-04-04,2484,1555195.3922622,276993.324416123,1943815.34823123,190399.185867112,4957807.94351995
"2378",2019-04-05,2408,1484448.5355094,264981.563247729,1855473.91727032,181724.095982517,4732369.66259997
"2379",2019-04-06,2220,1314161.70839595,236327.527030331,1642875.16315836,160837.06867767,4189785.68354189
"2380",2019-04-07,2078,1190137.33295092,215669.030985833,1488065.88500566,145619.293193351,3794643.86123933
"2381",2019-04-08,2050,1166162.36431924,211693.957707457,1458142.83353207,142677.09639048,3718262.87433792
"2382",2019-04-09,2056,1171286.34764405,212543.051127183,1464537.97852755,143305.921485454,3734587.10183901
"2383",2019-04-10,1968,1096880.19803468,200236.87606912,1371677.0041913,134174.02215036,3497544.91847164
"2384",2019-04-11,1633,828845.264615259,156210.870353636,1037219.64756962,101268.667717754,2643707.90434548
"2385",2019-04-12,1431,679622.039958053,131733.80752864,851038.077545125,82945.9671387064,2168374.16363589
"2386",2019-04-13,1161,496133.635066541,101292.109828045,622083.595854685,60419.690229699,1583867.25375818
"2387",2019-04-14,725,243834.690067814,57179.1727122927,307026.50812796,29486.3037733681,779883.029389428
"2388",2019-04-15,430,110573.406867733,30666.6487275684,140188.959162424,13218.6451084314,354736.089182347
"2389",2019-04-16,276,56385.361051412,18032.0266472104,72048.9697586561,6652.79218772133,181516.961608088
"2390",2019-04-17,172,27429.2915332565,10163.5213531503,35422.9550358913,3179.05670654631,88711.489774617
"2391",2019-04-18,63.1,5904.96853946172,2931.89416204059,7871.60234675962,648.568240285616,19359.8174539065
"2392",2019-04-19,7.2,204.874841482997,180.011904555378,310.877159906957,17.9671104578524,707.38474057848
"2393",2019-04-20,0,0,0,0,0,0
"2394",2019-04-21,0,0,0,0,0,0
"2395",2019-04-22,0,0,0,0,0,0
"2396",2019-04-23,0,0,0,0,0,0
"2397",2019-04-24,0,0,0,0,0,0
"2398",2019-04-25,0,0,0,0,0,0
"2399",2019-04-26,0,0,0,0,0,0
"2400",2019-04-27,0,0,0,0,0,0
"2401",2019-04-28,0,0,0,0,0,0
"2402",2019-04-29,0,0,0,0,0,0
"2403",2019-04-30,0,0,0,0,0,0
"2404",2019-05-01,0,0,0,0,0,0
"2405",2019-05-02,0,0,0,0,0,0
"2406",2019-05-03,0,0,0,0,0,0
"2407",2019-05-04,0,0,0,0,0,0
"2408",2019-05-05,0,0,0,0,0,0
"2409",2019-05-06,0,0,0,0,0,0
"2410",2019-05-07,0,0,0,0,0,0
"2411",2019-05-08,0,0,0,0,0,0
"2412",2019-05-09,0,0,0,0,0,0
"2413",2019-05-10,0,0,0,0,0,0
"2414",2019-05-11,0,0,0,0,0,0
"2415",2019-05-12,0,0,0,0,0,0
"2416",2019-05-13,0,0,0,0,0,0
"2417",2019-05-14,0,0,0,0,0,0
"2418",2019-05-15,0,0,0,0,0,0
"2419",2019-05-16,0,0,0,0,0,0
"2420",2019-05-17,0,0,0,0,0,0
"2421",2019-05-18,0,0,0,0,0,0
"2422",2019-05-19,0,0,0,0,0,0
"2423",2019-05-20,0,0,0,0,0,0
"2424",2019-05-21,0,0,0,0,0,0
"2425",2019-05-22,0,0,0,0,0,0
"2426",2019-05-23,0,0,0,0,0,0
"2427",2019-05-24,0,0,0,0,0,0
"2428",2019-05-25,0,0,0,0,0,0
"2429",2019-05-26,0,0,0,0,0,0
"2430",2019-05-27,0,0,0,0,0,0
"2431",2019-05-28,0,0,0,0,0,0
"2432",2019-05-29,0,0,0,0,0,0
"2433",2019-05-30,0,0,0,0,0,0
"2434",2019-05-31,0,0,0,0,0,0
"2435",2019-06-01,0,0,0,0,0,0
"2436",2019-06-02,0,0,0,0,0,0
"2437",2019-06-03,0,0,0,0,0,0
"2438",2019-06-04,0,0,0,0,0,0
"2439",2019-06-05,0,0,0,0,0,0
"2440",2019-06-06,0,0,0,0,0,0
"2441",2019-06-07,0,0,0,0,0,0
"2442",2019-06-08,0,0,0,0,0,0
"2443",2019-06-09,0,0,0,0,0,0
"2444",2019-06-10,0,0,0,0,0,0
"2445",2019-06-11,0,0,0,0,0,0
"2446",2019-06-12,0,0,0,0,0,0
"2447",2019-06-13,0,0,0,0,0,0
"2448",2019-06-14,0,0,0,0,0,0
"2449",2019-06-15,0,0,0,0,0,0
"2450",2019-06-16,0,0,0,0,0,0
"2451",2019-06-17,0,0,0,0,0,0
"2452",2019-06-18,0,0,0,0,0,0
"2453",2019-06-19,0,0,0,0,0,0
"2454",2019-06-20,0,0,0,0,0,0
"2455",2019-06-21,0,0,0,0,0,0
"2456",2019-06-22,0,0,0,0,0,0
"2457",2019-06-23,0,0,0,0,0,0
"2458",2019-06-24,0,0,0,0,0,0
"2459",2019-06-25,0,0,0,0,0,0
"2460",2019-06-26,0,0,0,0,0,0
"2461",2019-06-27,0,0,0,0,0,0
"2462",2019-06-28,0,0,0,0,0,0
"2463",2019-06-29,0,0,0,0,0,0
"2464",2019-06-30,0,0,0,0,0,0
"2465",2019-07-01,0,0,0,0,0,0
"2466",2019-07-02,0,0,0,0,0,0
"2467",2019-07-03,0,0,0,0,0,0
"2468",2019-07-04,0,0,0,0,0,0
"2469",2019-07-05,0,0,0,0,0,0
"2470",2019-07-06,0,0,0,0,0,0
"2471",2019-07-07,0,0,0,0,0,0
"2472",2019-07-08,0,0,0,0,0,0
"2473",2019-07-09,0,0,0,0,0,0
"2474",2019-07-10,0,0,0,0,0,0
"2475",2019-07-11,0,0,0,0,0,0
"2476",2019-07-12,0,0,0,0,0,0
"2477",2019-07-13,0,0,0,0,0,0
"2478",2019-07-14,0,0,0,0,0,0
"2479",2019-07-15,0,0,0,0,0,0
"2480",2019-07-16,0,0,0,0,0,0
"2481",2019-07-17,0,0,0,0,0,0
"2482",2019-07-18,0,0,0,0,0,0
"2483",2019-07-19,0,0,0,0,0,0
"2484",2019-07-20,0,0,0,0,0,0
"2485",2019-07-21,0,0,0,0,0,0
"2486",2019-07-22,0,0,0,0,0,0
"2487",2019-07-23,0,0,0,0,0,0
"2488",2019-07-24,0,0,0,0,0,0
"2489",2019-07-25,0,0,0,0,0,0
"2490",2019-07-26,0,0,0,0,0,0
"2491",2019-07-27,0,0,0,0,0,0
"2492",2019-07-28,0,0,0,0,0,0
"2493",2019-07-29,0,0,0,0,0,0
"2494",2019-07-30,0,0,0,0,0,0
"2495",2019-07-31,0,0,0,0,0,0
"2496",2019-08-01,0,0,0,0,0,0
"2497",2019-08-02,0,0,0,0,0,0
"2498",2019-08-03,0,0,0,0,0,0
"2499",2019-08-04,0,0,0,0,0,0
"2500",2019-08-05,0,0,0,0,0,0
"2501",2019-08-06,0,0,0,0,0,0
"2502",2019-08-07,0,0,0,0,0,0
"2503",2019-08-08,0,0,0,0,0,0
"2504",2019-08-09,0,0,0,0,0,0
"2505",2019-08-10,0,0,0,0,0,0
"2506",2019-08-11,0,0,0,0,0,0
"2507",2019-08-12,0,0,0,0,0,0
"2508",2019-08-13,0,0,0,0,0,0
"2509",2019-08-14,0,0,0,0,0,0
"2510",2019-08-15,0,0,0,0,0,0
"2511",2019-08-16,0,0,0,0,0,0
"2512",2019-08-17,0,0,0,0,0,0
"2513",2019-08-18,0,0,0,0,0,0
"2514",2019-08-19,0,0,0,0,0,0
"2515",2019-08-20,0,0,0,0,0,0
"2516",2019-08-21,0,0,0,0,0,0
"2517",2019-08-22,0,0,0,0,0,0
"2518",2019-08-23,0,0,0,0,0,0
"2519",2019-08-24,0,0,0,0,0,0
"2520",2019-08-25,0,0,0,0,0,0
"2521",2019-08-26,0,0,0,0,0,0
"2522",2019-08-27,0,0,0,0,0,0
"2523",2019-08-28,0,0,0,0,0,0
"2524",2019-08-29,0,0,0,0,0,0
"2525",2019-08-30,0,0,0,0,0,0
"2526",2019-08-31,0,0,0,0,0,0
"2527",2019-09-01,0,0,0,0,0,0
"2528",2019-09-02,0,0,0,0,0,0
"2529",2019-09-03,0,0,0,0,0,0
"2530",2019-09-04,0,0,0,0,0,0
"2531",2019-09-05,0,0,0,0,0,0
"2532",2019-09-06,0,0,0,0,0,0
"2533",2019-09-07,0,0,0,0,0,0
"2534",2019-09-08,0,0,0,0,0,0
"2535",2019-09-09,0,0,0,0,0,0
"2536",2019-09-10,0,0,0,0,0,0
"2537",2019-09-11,0,0,0,0,0,0
"2538",2019-09-12,0,0,0,0,0,0
"2539",2019-09-13,0,0,0,0,0,0
"2540",2019-09-14,0,0,0,0,0,0
"2541",2019-09-15,0,0,0,0,0,0
"2542",2019-09-16,0,0,0,0,0,0
"2543",2019-09-17,0,0,0,0,0,0
"2544",2019-09-18,0,0,0,0,0,0
"2545",2019-09-19,0,0,0,0,0,0
"2546",2019-09-20,0,0,0,0,0,0
"2547",2019-09-21,0,0,0,0,0,0
"2548",2019-09-22,0,0,0,0,0,0
"2549",2019-09-23,0,0,0,0,0,0
"2550",2019-09-24,0,0,0,0,0,0
"2551",2019-09-25,0,0,0,0,0,0
"2552",2019-09-26,0,0,0,0,0,0
"2553",2019-09-27,0,0,0,0,0,0
"2554",2019-09-28,0,0,0,0,0,0
"2555",2019-09-29,0,0,0,0,0,0
"2556",2019-09-30,0,0,0,0,0,0
